Country Code,IMF Country Code,Country,Indicator Type,Series Name,1970,1971,1972,1973,1974,1975,1976,1977,1978,1979,1980,1981,1982,1983,1984,1985,1986,1987,1988,1989,1990,1991,1992,1993,1994,1995,1996,1997,1998,1999,2000,2001,2002,2003,2004,2005,2006,2007,2008,2009,2010,2011,2012,2013,2014,2015,2016,2017,2018,2019,2020,2021,2022,2023,,,,,,,,,,,,,,,,,,,,,,,,
ABW,314,Aruba,Rate,GDP deflator Index growth rate,6.5,-5.1,-2.3,25.3,1.4,-5.1,4.9,-3.8,2.3,-1.2,27.5,23.0,0.0,0.9,16.4,-3.3,29.2,44.2,33.8,39.8,41.8,25.2,39.8,75.3,74.3,1348.2,3.2,3.7,6.7,2.1,1.1,5.6,4.5,2.1,2.2,3.3,2.9,5.7,4.8,2.7,-1.0,3.0,0.8,-2.3,1.8,2.0,-1.8,-1.5,4.0,2.1,-1.3,2.2,2.2,5.5,,,,,,,,,,,,,,,,,,,,,,,,
AFG,512,Afghanistan,Rate,GDP deflator Index growth rate,,,,,,,,,,,,,,,,,,,,,,,,,,,,,,,,,,13.2,11.2,10.7,7.6,9.1,16.6,-2.7,8.1,10.3,8.5,2.2,3.1,2.7,-2.4,2.4,2.1,6.5,5.3,0.5,5.5,,,,,,,,,,,,,,,,,,,,,,,,,
AGO,614,Angola,Rate,GDP deflator Index growth rate,,,,,,,,,,,,-2.1,0.0,0.0,0.0,19.0,-9.0,9.8,2.2,16.3,14.0,94.6,370.4,590.9,1983.5,1906.5,5369.9,95.5,39.4,557.5,418.0,106.4,142.8,93.9,33.4,42.4,17.1,4.3,19.4,-16.8,31.7,31.8,7.3,2.8,3.6,-3.5,21.8,22.6,33.8,22.9,15.0,33.6,41.4,13.4,,,,,,,,,,,,,,,,,,,,,,,,
ALB,914,Albania,Rate,GDP deflator Index growth rate,,,,,,,,,,,,-2.1,0.1,-0.1,-3.2,3.7,-2.3,0.0,0.0,0.0,0.0,35.5,249.7,114.8,37.0,9.8,14.6,11.2,6.7,2.1,5.6,3.8,3.6,5.2,3.2,3.3,2.5,4.4,4.1,2.4,4.5,2.3,1.0,0.3,1.5,0.6,-0.6,1.5,1.4,0.4,1.4,5.9,9.7,5.2,,,,,,,,,,,,,,,,,,,,,,,,
AND,,Andorra,Rate,GDP deflator Index growth rate,,7.8,8.5,11.8,15.9,16.8,16.5,23.4,20.6,16.9,13.4,,,,,,,,,,,,,,,,,,,,,,,,,,,,,,,,,,,,,,,,,,2.1,4.9,,,,,,,,,,,,,,,,,,,,,,,,
ARE,466,United Arab Emirates,Rate,GDP deflator Index growth rate,,,,,,,11.8,5.3,-3.7,7.1,9.5,2.1,0.2,-3.3,-5.1,0.7,-1.8,4.3,4.4,-0.3,4.3,-0.6,1.6,2.4,0.1,3.9,5.9,-1.1,-4.4,8.8,11.6,-1.8,3.7,4.1,8.5,16.5,12.0,12.5,18.5,-15.2,12.5,13.2,2.2,-0.9,-0.9,-15.5,-3.3,5.5,8.2,-1.9,-10.6,14.3,14.3,-2.6,,,,,,,,,,,,,,,,,,,,,,,,
ARG,213,Argentina,Rate,GDP deflator Index growth rate,,41.8,56.0,56.6,25.1,206.9,409.6,169.6,163.7,150.8,102.0,106.5,201.9,383.1,608.1,620.8,75.7,127.9,385.5,3041.9,2052.7,137.5,13.6,-1.8,2.9,3.3,-0.1,-0.5,-1.7,-1.8,1.1,-1.1,30.0,10.8,9.2,10.3,13.7,14.9,23.2,15.4,20.9,23.7,22.3,23.9,40.3,26.6,41.1,26.0,40.0,50.6,39.8,54.2,41.1,112.3,,,,,,,,,,,,,,,,,,,,,,,,
ARM,911,Armenia,Rate,GDP deflator Index growth rate,,,,,,,,,,,,,,,,,,,,,,,,1455.2,4455.7,158.4,20.4,17.7,11.8,0.2,-1.3,4.2,0.9,4.5,6.3,3.0,4.6,4.2,5.9,2.6,7.8,4.3,5.4,3.3,2.3,1.2,0.3,2.1,2.8,1.5,1.8,6.9,6.9,2.8,,,,,,,,,,,,,,,,,,,,,,,,
ATG,311,Antigua and Barbuda,Rate,GDP deflator Index growth rate,13.1,15.9,22.0,32.1,37.5,49.9,68.5,13.7,8.6,14.8,11.4,8.4,11.3,5.2,3.8,7.4,8.1,8.9,12.4,4.6,1.6,2.6,2.5,1.8,3.2,2.4,3.0,1.8,2.1,1.5,1.6,1.5,0.7,-1.0,1.6,4.5,0.4,3.7,4.4,1.8,1.5,1.0,2.0,-0.9,1.9,3.0,1.9,-0.9,2.3,0.2,1.1,2.0,2.0,5.0,,,,,,,,,,,,,,,,,,,,,,,,
AUS,193,Australia,Rate,GDP deflator Index growth rate,3.9,6.4,7.2,13.2,17.5,13.9,13.1,9.7,8.2,9.7,9.8,10.1,12.1,8.7,6.0,5.3,6.1,7.2,9.1,7.6,5.0,1.4,1.3,1.1,1.2,2.9,1.8,1.1,1.0,0.8,4.4,3.5,3.0,3.2,3.5,4.6,5.1,4.4,6.3,0.4,5.4,4.7,-0.5,1.3,0.4,-0.7,1.0,3.6,2.3,3.3,0.9,2.8,7.4,3.7,,,,,,,,,,,,,,,,,,,,,,,,
AUT,122,Austria,Rate,GDP deflator Index growth rate,6.5,6.2,7.6,8.0,9.5,6.5,5.6,5.2,6.0,4.1,5.6,6.6,5.3,3.7,4.6,3.1,2.7,2.1,6.1,3.0,3.0,3.6,3.5,2.8,2.5,1.8,1.0,1.3,0.4,0.3,1.4,1.9,1.1,1.3,1.7,2.5,1.9,2.2,2.0,1.9,0.9,1.8,2.1,1.6,2.2,2.3,1.8,0.9,1.7,1.7,1.1,1.9,4.7,7.6,,,,,,,,,,,,,,,,,,,,,,,,
AZE,912,Azerbaijan,Rate,GDP deflator Index growth rate,,,,,,,,,,,,,,,,,,,,,,,,748.1,2707.0,246.1,24.9,6.2,-1.1,2.3,17.7,5.8,4.2,7.0,9.3,14.7,11.3,20.6,28.0,-18.9,13.8,24.6,2.8,0.4,-1.3,-8.8,14.6,16.2,12.2,-0.2,-7.3,21.2,38.5,-8.8,,,,,,,,,,,,,,,,,,,,,,,,
BDI,618,Burundi,Rate,GDP deflator Index growth rate,-0.3,3.8,3.9,5.9,15.8,15.8,6.8,6.9,2.1,26.5,48.5,-7.2,6.7,5.4,16.9,5.0,-3.5,-3.4,1.4,15.9,4.3,3.4,5.4,7.7,6.6,16.1,14.4,29.8,11.4,20.6,26.3,14.2,3.1,7.9,14.3,14.9,2.8,8.3,24.2,10.1,8.9,8.4,14.3,8.0,5.3,21.3,1.0,11.4,-2.9,-0.6,6.0,9.9,8.5,33.1,,,,,,,,,,,,,,,,,,,,,,,,
BEL,124,Belgium,Rate,GDP deflator Index growth rate,6.7,5.4,6.3,6.8,12.2,12.9,7.6,7.5,4.4,4.5,4.1,5.1,7.6,5.6,5.4,4.6,2.8,1.7,2.2,4.8,2.8,2.9,3.4,4.0,2.1,4.1,0.5,0.8,1.8,0.6,2.0,2.0,1.6,1.9,1.9,2.1,2.3,1.9,1.9,0.5,1.9,1.8,2.0,1.3,1.0,1.3,1.9,1.8,1.6,1.7,0.9,2.9,6.3,3.8,,,,,,,,,,,,,,,,,,,,,,,,
BEN,638,Benin,Rate,GDP deflator Index growth rate,6.3,2.8,3.9,6.9,14.4,-34.4,8.3,9.9,8.5,11.9,5.8,-15.2,13.9,12.1,11.3,2.8,-4.2,3.7,-0.3,1.8,-3.8,0.8,3.0,2.4,35.0,15.1,6.9,3.7,5.2,9.6,4.3,2.0,3.6,3.1,0.8,4.3,2.1,0.4,6.4,2.5,0.9,3.7,7.7,1.4,-0.2,0.9,0.7,-0.4,0.6,-0.3,1.5,-1.5,1.6,2.5,,,,,,,,,,,,,,,,,,,,,,,,
BFA,748,Burkina Faso,Rate,GDP deflator Index growth rate,1.8,2.1,-3.0,7.6,8.7,18.8,-8.4,30.0,3.4,18.0,8.3,9.0,11.1,7.3,0.9,2.1,-6.3,1.2,3.4,4.8,1.8,-4.0,0.2,-1.4,14.6,6.8,0.3,1.6,7.9,4.4,-0.8,4.0,3.1,1.5,0.1,3.7,-0.7,2.5,9.2,2.4,3.8,6.7,5.8,-2.1,-0.6,-2.2,2.5,2.0,2.4,-3.0,2.2,-0.8,-0.8,1.4,,,,,,,,,,,,,,,,,,,,,,,,
BGD,513,Bangladesh,Rate,GDP deflator Index growth rate,0.5,3.0,4.4,61.4,44.5,80.6,-17.6,-3.2,25.6,12.6,17.6,,9.7,8.5,14.0,11.2,8.0,10.9,7.6,8.5,6.3,6.6,3.0,0.3,3.8,7.3,4.2,3.1,5.3,4.7,1.9,1.6,3.2,4.5,4.2,5.1,5.2,6.5,7.9,6.8,7.1,7.9,8.2,7.2,5.7,5.9,6.7,6.3,5.6,4.5,5.1,4.1,4.1,5.4,,,,,,,,,,,,,,,,,,,,,,,,
BGR,918,Bulgaria,Rate,GDP deflator Index growth rate,,,,,,,,,,,,2.5,0.0,0.0,2.4,0.0,0.0,2.4,2.3,4.5,26.1,232.8,61.7,68.6,82.5,70.3,117.6,914.0,33.3,3.2,7.2,6.1,3.8,2.3,5.6,6.5,6.8,11.1,8.1,4.0,1.1,5.9,1.5,-0.7,0.5,2.4,2.5,3.9,4.0,5.3,2.0,7.1,15.1,8.2,,,,,,,,,,,,,,,,,,,,,,,,
BHR,419,Bahrain,Rate,GDP deflator Index growth rate,1.7,5.8,5.1,14.3,24.4,16.2,22.6,18.3,9.3,12.8,5.8,9.5,-1.2,-4.2,-0.4,-4.8,-22.1,9.7,16.6,3.3,2.6,2.6,-2.5,2.2,3.8,3.9,0.7,1.3,-8.8,2.3,11.7,-1.1,1.0,8.6,11.0,13.7,8.8,8.4,11.4,-13.0,7.4,9.7,3.0,0.4,-1.7,-9.3,0.2,5.5,4.4,0.2,-6.9,9.5,7.8,-6.3,,,,,,,,,,,,,,,,,,,,,,,,
BHS,313,"Bahamas, The",Rate,GDP deflator Index growth rate,6.1,4.6,6.8,5.6,13.2,10.7,2.4,1.7,2.2,8.6,10.0,6.7,5.9,4.2,4.3,4.6,5.4,6.2,1.7,10.2,-5.6,2.6,3.9,-0.9,2.2,0.8,1.0,1.4,3.0,5.0,0.9,0.4,4.0,1.2,1.2,5.1,0.8,2.9,1.5,-1.0,-0.4,-0.9,3.3,1.3,4.0,5.2,0.4,1.5,1.2,3.0,-1.0,1.6,1.6,2.7,,,,,,,,,,,,,,,,,,,,,,,,
BIH,963,Bosnia and Herzegovina,Rate,GDP deflator Index growth rate,,,,,,,,,,,,,,,,,,,,,,,,,,,,16.4,2.6,3.5,6.8,4.7,5.0,1.4,2.5,3.1,6.9,6.4,8.1,0.0,1.5,2.5,0.6,-0.2,0.9,1.6,1.4,1.7,2.7,2.6,-0.4,4.9,10.5,12.3,,,,,,,,,,,,,,,,,,,,,,,,
BLR,913,Belarus,Rate,GDP deflator Index growth rate,,,,,,,,,,,,,,,,,,,,,,,,,1100.0,150.0,53.3,71.7,77.2,315.7,195.5,79.4,44.9,30.7,22.7,18.9,10.7,12.8,21.1,5.7,11.3,71.2,75.4,21.3,18.2,16.0,8.4,8.6,12.2,8.6,10.1,13.1,13.4,7.3,,,,,,,,,,,,,,,,,,,,,,,,
BLZ,339,Belize,Rate,GDP deflator Index growth rate,21.4,18.6,20.7,67.0,20.8,20.8,-2.9,12.2,-7.0,25.7,17.0,4.0,8.1,-0.6,0.2,0.6,1.5,-4.1,6.6,-0.1,2.0,-3.2,4.0,1.7,3.6,6.1,2.0,-1.5,1.5,-2.2,0.5,-0.3,1.7,-2.8,2.0,2.8,4.8,4.5,2.7,-2.7,1.5,4.1,1.8,2.4,1.6,0.8,2.9,1.6,-0.2,0.2,0.1,4.0,4.0,4.4,,,,,,,,,,,,,,,,,,,,,,,,
BMU,,Bermuda,Rate,GDP deflator Index growth rate,6.3,9.5,9.5,12.8,15.0,6.4,2.8,9.3,4.9,6.4,9.9,17.7,12.2,11.0,10.3,7.6,5.8,6.5,4.9,5.6,6.0,6.4,2.8,5.2,2.0,4.2,29.4,4.0,2.7,2.7,-4.2,-1.4,8.6,2.8,4.7,6.8,19.6,6.6,5.1,1.0,2.2,-1.2,6.7,1.7,3.0,3.0,4.4,-0.1,1.6,3.1,-0.4,0.4,4.4,,,,,,,,,,,,,,,,,,,,,,,,,
BOL,218,Bolivia,Rate,GDP deflator Index growth rate,3.8,3.7,6.5,31.5,62.8,8.0,4.5,8.1,15.5,18.1,32.7,0.0,100.0,350.0,1422.2,12377.4,230.0,14.0,18.2,13.2,16.3,17.7,13.2,6.6,8.0,11.4,11.6,5.7,7.1,2.4,5.2,1.9,2.8,6.3,8.0,5.9,13.7,7.4,10.4,-2.4,8.8,14.6,7.1,6.0,2.0,-4.6,-1.4,6.1,3.1,-0.7,3.6,4.0,5.4,-0.8,,,,,,,,,,,,,,,,,,,,,,,,
BRA,223,Brazil,Rate,GDP deflator Index growth rate,17.1,20.3,19.1,22.7,34.8,33.9,47.6,46.2,41.1,56.5,87.3,107.2,104.8,140.2,212.8,231.7,145.3,204.1,651.1,1209.1,2700.4,414.2,968.2,2001.3,2302.8,89.5,18.5,7.7,4.9,8.0,5.6,8.2,9.8,14.1,7.8,7.4,6.8,6.4,8.8,7.3,8.4,8.3,7.9,7.5,7.8,7.6,8.1,3.6,3.3,4.2,4.8,11.1,7.6,4.7,,,,,,,,,,,,,,,,,,,,,,,,
BRB,316,Barbados,Rate,GDP deflator Index growth rate,7.8,12.4,7.0,16.9,31.3,27.3,4.7,0.8,6.7,12.4,23.0,12.2,9.9,5.6,5.2,3.5,4.5,7.3,2.8,6.8,3.7,4.5,2.1,5.2,2.2,1.0,2.6,0.9,8.7,4.4,-1.3,2.3,0.9,1.1,5.8,6.7,4.5,8.4,1.7,-1.7,3.8,3.5,-0.6,2.9,0.5,-2.0,0.0,2.6,2.8,2.5,1.7,3.9,3.4,4.8,,,,,,,,,,,,,,,,,,,,,,,,
BRN,516,Brunei Darussalam,Rate,GDP deflator Index growth rate,,,,,,5.5,5.6,8.4,-2.2,12.7,86.1,9.0,-4.8,-11.4,-1.3,-2.5,-31.9,10.7,-7.7,8.7,8.4,-2.8,1.7,-3.0,-8.8,2.9,4.5,8.6,-11.6,11.6,29.0,-5.6,0.4,6.1,15.9,18.8,10.0,1.1,12.7,-22.1,16.7,20.2,1.2,-2.8,-1.8,-17.6,-9.2,5.0,9.2,-3.3,-10.8,15.5,24.4,-12.3,,,,,,,,,,,,,,,,,,,,,,,,
BTN,514,Bhutan,Rate,GDP deflator Index growth rate,5.7,4.5,6.0,13.0,17.1,0.0,0.0,0.0,-15.9,6.0,12.5,4.6,6.2,7.3,8.2,8.0,6.7,3.5,6.9,9.6,6.4,7.2,9.3,8.7,12.1,10.3,8.3,10.6,11.2,8.7,4.2,3.6,5.1,3.8,3.4,4.9,6.8,4.0,3.2,5.1,5.4,7.2,8.8,7.4,6.5,5.2,4.1,4.7,3.3,1.4,4.1,4.7,6.2,4.5,,,,,,,,,,,,,,,,,,,,,,,,
BWA,616,Botswana,Rate,GDP deflator Index growth rate,6.0,4.7,10.8,9.9,12.8,16.5,11.3,4.9,12.5,21.9,10.2,-3.5,10.3,7.7,22.3,23.2,7.1,17.0,26.1,6.1,-0.9,6.4,10.0,10.8,14.3,7.2,16.1,5.3,9.7,14.2,14.2,8.3,1.2,3.3,10.1,15.5,7.5,4.9,4.7,6.5,8.9,14.0,0.2,2.3,11.9,1.9,12.0,2.6,1.2,0.6,0.7,2.5,12.7,2.3,,,,,,,,,,,,,,,,,,,,,,,,
CAF,626,Central African Republic,Rate,GDP deflator Index growth rate,13.3,13.3,13.3,13.3,13.3,13.3,13.3,13.3,9.1,16.5,-7.9,14.7,14.3,12.4,-0.1,31.4,-5.2,-6.2,3.2,2.1,-0.8,-1.4,0.3,-1.9,14.9,14.6,-1.7,5.2,3.7,2.4,0.0,4.3,1.8,3.2,0.3,4.6,3.0,0.6,5.5,3.9,4.2,4.0,6.2,2.5,11.9,2.7,3.0,6.4,1.3,2.4,2.0,3.3,3.3,3.4,,,,,,,,,,,,,,,,,,,,,,,,
CAN,156,Canada,Rate,GDP deflator Index growth rate,4.7,5.0,5.8,9.6,15.2,10.8,9.3,6.8,6.8,10.0,9.9,10.3,8.8,5.8,3.5,3.3,3.1,4.8,4.5,4.7,3.4,3.1,1.5,1.3,1.5,2.3,1.7,1.1,-0.2,1.9,4.3,1.7,1.2,3.3,3.3,3.1,2.6,3.3,4.0,-2.3,2.8,3.2,1.2,1.7,1.9,-0.9,0.8,2.6,1.8,1.7,0.8,8.1,7.4,1.1,,,,,,,,,,,,,,,,,,,,,,,,
CHE,146,Switzerland,Rate,GDP deflator Index growth rate,,9.2,9.8,8.1,6.9,7.1,2.7,0.3,3.6,2.0,2.7,5.6,7.3,2.5,3.8,2.3,3.0,2.1,2.8,3.5,4.6,5.3,2.1,2.3,1.2,0.8,0.3,-0.5,-0.2,0.0,1.4,1.0,-0.3,1.2,0.3,1.0,2.2,2.4,1.5,0.4,0.3,0.0,0.0,0.0,-0.6,-1.2,-0.6,-0.4,0.7,-0.1,-0.6,1.1,3.2,1.0,,,,,,,,,,,,,,,,,,,,,,,,
CHL,228,Chile,Rate,GDP deflator Index growth rate,40.6,18.4,86.9,417.9,694.4,342.5,250.7,103.6,59.0,48.6,25.0,11.5,12.7,29.3,14.8,37.4,22.1,25.8,22.7,13.5,22.5,22.4,13.8,11.8,14.2,11.8,3.1,3.0,1.0,2.2,4.3,3.9,3.4,4.6,7.9,7.7,12.2,5.3,-0.2,4.6,9.0,3.1,1.1,2.0,5.9,5.0,4.4,4.8,2.3,1.9,8.3,7.6,6.2,7.4,,,,,,,,,,,,,,,,,,,,,,,,
CHN,924,China,Rate,GDP deflator Index growth rate,0.0,0.8,-0.8,-4.2,-1.4,0.6,0.9,0.7,5.7,4.9,3.2,3.1,0.4,1.1,4.9,10.1,4.8,5.1,12.1,8.8,5.8,7.0,8.0,15.0,20.4,13.6,6.6,1.7,-1.0,-1.6,2.1,2.1,0.8,2.6,6.8,4.5,3.8,8.0,7.2,0.0,6.0,8.3,3.2,2.7,0.9,0.0,0.9,3.9,3.5,2.2,0.3,4.4,2.3,-0.6,,,,,,,,,,,,,,,,,,,,,,,,
CIV,662,Côte d'Ivoire,Rate,GDP deflator Index growth rate,9.4,-1.5,0.3,11.1,17.4,11.4,12.1,27.4,5.4,6.9,8.6,3.0,8.3,7.3,16.7,1.2,-1.6,-4.1,-1.0,-0.4,-4.5,0.7,0.0,6.1,47.3,12.7,4.6,4.2,3.6,0.8,2.2,7.4,6.7,4.8,-2.9,1.3,1.7,2.9,8.5,2.3,5.4,3.3,1.9,3.3,3.9,3.1,-2.1,-1.8,0.6,0.2,0.6,2.8,2.7,1.9,,,,,,,,,,,,,,,,,,,,,,,,
CMR,622,Cameroon,Rate,GDP deflator Index growth rate,5.8,4.0,8.1,10.4,17.2,13.6,9.9,14.7,14.0,13.3,13.0,8.8,12.4,12.8,13.6,11.1,0.2,-2.4,0.9,-1.9,1.7,3.5,-1.3,2.0,14.4,9.5,2.8,3.5,3.8,2.3,5.2,1.5,1.8,0.2,2.0,0.7,3.4,1.0,6.6,1.6,1.9,2.7,2.7,2.0,2.1,0.2,1.1,1.5,1.6,2.0,1.3,3.4,3.3,2.0,,,,,,,,,,,,,,,,,,,,,,,,
COD,636,"Congo, Dem. Rep.",Rate,GDP deflator Index growth rate,8.0,5.8,15.8,15.7,27.4,29.0,80.7,69.0,51.7,102.0,50.0,35.0,43.6,78.1,77.6,25.8,28.4,73.8,91.6,110.3,109.0,2202.9,4070.3,1664.2,27354.8,456.3,644.9,192.2,33.2,439.3,524.0,73.1,31.7,13.4,6.4,29.9,13.3,20.3,20.5,32.7,20.8,13.8,5.9,2.8,1.0,-1.2,4.3,43.1,29.8,2.9,13.4,15.0,17.4,17.1,,,,,,,,,,,,,,,,,,,,,,,,
COG,634,"Congo, Rep.",Rate,GDP deflator Index growth rate,1.5,4.1,9.8,3.4,5.5,17.4,7.2,10.7,3.6,15.2,25.9,2.8,3.0,3.0,3.0,3.0,3.0,3.0,-13.5,-6.7,-0.8,4.5,-2.7,-3.3,36.9,2.7,14.5,4.2,-19.1,27.8,41.9,-9.3,3.2,-3.9,20.3,19.3,11.4,6.7,16.3,-21.2,29.4,11.0,11.4,-1.1,-6.6,-17.6,-4.1,12.1,23.2,-0.6,-13.2,25.6,9.7,-3.2,,,,,,,,,,,,,,,,,,,,,,,,
COL,233,Colombia,Rate,GDP deflator Index growth rate,,9.0,13.4,20.7,24.3,22.9,20.2,33.0,16.7,24.1,27.7,22.9,24.7,20.4,22.2,24.8,29.2,23.4,27.7,24.7,28.2,26.1,23.0,23.9,25.6,18.9,16.9,16.8,14.8,12.6,11.2,6.5,6.0,6.8,7.3,5.6,5.8,5.2,7.7,4.1,3.8,6.4,3.6,1.9,2.2,2.4,5.1,5.1,4.6,4.0,1.4,6.5,12.4,7.1,,,,,,,,,,,,,,,,,,,,,,,,
COM,632,Comoros,Rate,GDP deflator Index growth rate,4.3,5.6,5.5,10.0,18.4,29.7,9.6,9.4,15.6,15.0,10.7,6.7,10.3,9.2,6.1,1.6,1.6,3.2,1.4,5.6,-2.8,10.2,-4.8,2.3,12.7,6.2,2.9,1.0,1.4,3.9,6.4,7.4,3.8,4.9,0.4,-0.4,6.0,5.0,3.1,1.0,1.7,3.0,4.3,1.8,0.8,-0.7,1.6,0.1,1.0,4.6,1.2,0.1,-0.3,2.9,,,,,,,,,,,,,,,,,,,,,,,,
CPV,624,Cabo Verde,Rate,GDP deflator Index growth rate,8.1,-14.2,-4.3,-15.0,184.1,75.0,-14.5,-85.6,-44.2,18.1,222.7,9.6,17.4,10.6,8.8,3.7,17.7,7.3,5.4,3.5,2.4,4.8,3.2,11.1,7.1,4.6,3.8,2.4,3.4,7.0,-2.6,1.3,-0.3,1.8,-0.6,0.6,3.0,2.7,3.5,2.2,0.5,2.7,0.6,1.4,-0.1,1.7,-0.2,0.7,1.5,0.6,0.9,2.3,1.8,4.3,,,,,,,,,,,,,,,,,,,,,,,,
CRI,238,Costa Rica,Rate,GDP deflator Index growth rate,7.3,2.4,6.4,14.8,23.2,24.5,16.6,16.9,7.9,9.1,18.8,41.0,84.3,28.9,16.7,20.5,18.0,10.2,18.8,15.2,18.5,64.0,19.7,10.4,15.7,21.2,15.1,14.7,11.9,11.0,9.4,9.7,9.8,10.6,13.4,13.0,13.0,10.5,11.4,9.7,6.6,4.6,4.7,4.6,6.2,4.0,2.0,2.9,2.6,2.2,0.5,2.0,5.5,-0.1,,,,,,,,,,,,,,,,,,,,,,,,
CYP,423,Cyprus,Rate,GDP deflator Index growth rate,,,,,,,8.0,8.9,11.1,13.1,14.2,11.8,10.1,5.3,8.1,5.8,4.2,3.9,3.3,4.8,5.5,3.9,6.1,5.1,5.3,3.9,2.6,2.2,2.0,2.3,2.7,3.7,0.3,5.4,2.7,2.0,3.1,4.1,4.7,0.3,1.9,1.6,1.7,-0.9,-1.3,-0.6,-0.6,1.1,1.2,0.9,-0.7,2.9,6.1,4.6,,,,,,,,,,,,,,,,,,,,,,,,
CZE,935,Czech Republic,Rate,GDP deflator Index growth rate,,,,,,,,,,,,,,,,,,,,,,,,,,,9.6,8.3,9.8,3.0,1.8,4.9,2.7,1.3,4.0,0.1,0.7,3.5,2.0,2.6,-1.4,0.0,1.5,1.4,2.6,1.0,1.1,1.3,2.6,3.9,3.2,3.3,7.7,8.7,,,,,,,,,,,,,,,,,,,,,,,,
DEU,134,Germany,Rate,GDP deflator Index growth rate,,7.6,4.5,6.3,7.3,5.7,3.3,3.1,3.5,4.3,5.5,4.3,4.8,3.3,2.0,2.2,3.3,1.8,1.5,2.3,3.2,14.6,5.3,3.9,2.0,2.0,0.6,0.3,0.7,0.3,-0.5,1.3,1.4,1.3,1.1,0.4,0.4,1.8,0.9,1.8,0.6,1.1,1.5,2.0,1.9,1.9,1.3,1.4,1.7,2.2,1.6,3.1,5.2,6.6,,,,,,,,,,,,,,,,,,,,,,,,
DJI,611,Djibouti,Rate,GDP deflator Index growth rate,,,,,,,,,,,,,,,,,,,,,,,2.8,4.5,7.0,4.9,3.1,3.0,2.2,2.1,2.1,2.1,0.0,2.0,3.3,3.2,3.5,5.0,9.7,1.6,4.0,5.1,4.2,2.4,1.3,2.5,0.1,0.6,0.4,3.3,2.9,4.5,1.1,0.9,,,,,,,,,,,,,,,,,,,,,,,,
DMA,321,Dominica,Rate,GDP deflator Index growth rate,14.0,2.7,1.0,7.6,34.9,18.0,12.1,12.2,12.7,18.0,16.7,1.8,4.7,7.5,6.2,7.9,5.6,5.7,4.5,8.4,3.2,7.7,4.4,2.7,7.6,0.8,3.3,1.4,2.5,2.5,-1.8,2.1,0.8,-3.1,3.8,-1.4,2.4,1.5,1.5,8.0,0.3,1.7,-2.0,3.9,-0.1,6.0,3.8,0.3,1.0,1.5,-0.3,3.0,1.6,3.5,,,,,,,,,,,,,,,,,,,,,,,,
DNK,128,Denmark,Rate,GDP deflator Index growth rate,9.0,7.4,9.6,10.6,13.3,13.4,9.4,8.9,9.0,7.1,8.8,10.7,10.2,7.4,6.0,4.3,2.3,4.8,3.9,5.0,2.6,2.7,1.7,0.6,1.6,1.3,2.0,2.0,1.2,1.7,3.0,2.5,2.3,1.5,2.1,2.9,2.1,2.4,4.1,0.5,3.2,0.6,2.4,0.9,1.0,0.4,0.3,1.2,0.6,0.7,2.0,2.8,7.0,-3.1,,,,,,,,,,,,,,,,,,,,,,,,
DOM,243,Dominican Republic,Rate,GDP deflator Index growth rate,18.4,1.2,8.0,4.5,17.7,16.9,2.9,10.6,1.0,11.1,13.9,7.2,7.5,6.6,24.2,38.4,9.4,14.4,43.5,23.6,50.5,58.3,5.6,5.0,10.1,9.7,3.7,9.5,6.5,3.8,7.2,6.0,6.9,33.5,45.2,5.8,6.6,7.6,10.4,3.5,5.4,8.1,5.1,4.7,4.3,2.5,2.0,4.2,4.1,2.5,4.5,7.8,10.8,6.5,,,,,,,,,,,,,,,,,,,,,,,,
DZA,612,Algeria,Rate,GDP deflator Index growth rate,6.6,2.6,3.7,6.2,4.7,9.0,8.9,12.1,10.1,29.2,34.0,14.4,1.9,6.8,6.9,4.6,1.9,6.2,13.3,15.8,30.3,57.4,22.7,13.1,26.2,29.8,23.5,7.0,-3.1,11.2,22.3,-0.5,1.3,8.3,12.2,16.1,10.6,6.4,15.4,-11.2,16.1,18.2,7.5,-0.1,-0.3,-6.5,1.5,6.4,7.1,-0.9,-4.7,15.7,15.6,-0.4,,,,,,,,,,,,,,,,,,,,,,,,
ECU,248,Ecuador,Rate,GDP deflator Index growth rate,-13.9,3.0,2.4,5.8,40.2,10.1,12.9,17.4,8.0,16.2,39.9,-1.5,-1.4,-9.6,2.1,12.0,-28.8,-0.6,-13.9,-2.1,-1.4,6.8,5.5,14.5,15.7,6.2,2.9,7.7,-1.5,-24.6,-8.2,28.4,12.1,10.6,4.3,7.7,8.0,6.7,13.8,0.7,7.5,5.7,5.0,3.1,3.0,-2.5,1.9,1.9,1.8,0.5,-3.3,2.6,5.3,-0.4,,,,,,,,,,,,,,,,,,,,,,,,
EGY,469,"Egypt, Arab Rep.",Rate,GDP deflator Index growth rate,3.9,3.1,2.1,4.2,10.9,9.7,10.3,12.2,9.8,25.0,21.0,7.2,10.3,12.2,4.1,8.5,5.7,37.2,15.0,21.1,22.3,13.3,24.7,9.7,6.9,11.6,7.2,5.9,3.9,0.9,4.9,1.9,2.4,6.8,11.7,6.2,7.4,12.6,12.2,11.2,10.1,11.7,13.6,7.5,11.2,9.9,6.2,23.1,21.4,13.6,5.6,4.8,6.1,-19.9,,,,,,,,,,,,,,,,,,,,,,,,
ERI,643,Eritrea,Rate,GDP deflator Index growth rate,,,,,,,,,,,,,,,,,,,,,,,,2.2,12.9,11.7,10.6,4.1,9.3,8.4,19.9,15.1,16.1,21.9,24.8,7.6,11.4,7.3,12.3,25.3,10.6,3.3,7.2,-3.0,1.6,-2.6,0.4,-4.4,-6.8,-4.8,5.9,1.3,1.8,,,,,,,,,,,,,,,,,,,,,,,,,
ESP,184,Spain,Rate,GDP deflator Index growth rate,9.1,7.8,8.5,11.8,15.9,16.8,16.5,23.4,20.6,16.9,13.4,14.4,13.5,12.3,10.2,8.9,10.2,5.6,5.4,6.8,7.4,7.1,6.8,5.6,3.6,3.4,3.5,2.4,2.5,2.6,3.4,4.1,4.1,3.9,3.9,4.1,4.0,3.4,2.3,0.1,0.1,0.0,-0.1,0.4,-0.2,0.5,0.3,1.3,1.2,1.4,1.1,2.3,4.2,6.0,,,,,,,,,,,,,,,,,,,,,,,,
EST,939,Estonia,Rate,GDP deflator Index growth rate,,,,,,,,,,,,,,,,,,,,,,,,,39.7,34.8,22.5,9.9,6.9,6.7,3.7,6.8,4.8,3.9,4.7,5.9,9.0,12.4,6.9,-0.2,1.8,5.4,4.0,4.0,2.9,1.1,2.3,3.1,4.2,3.2,-0.4,6.0,14.2,8.2,,,,,,,,,,,,,,,,,,,,,,,,
ETH,644,Ethiopia,Rate,GDP deflator Index growth rate,6.2,1.0,-3.9,2.7,9.3,-0.6,6.3,13.0,7.6,2.5,2.3,2.6,4.2,3.1,-3.3,32.2,-5.3,-6.1,3.0,5.7,3.4,19.2,15.8,13.2,2.6,12.7,-0.7,0.7,0.4,1.1,2.2,-4.9,-3.7,12.7,5.8,9.1,10.8,16.8,29.8,22.7,3.4,19.8,33.5,5.6,10.9,10.8,11.9,6.1,11.5,12.2,18.2,21.8,21.1,32.2,,,,,,,,,,,,,,,,,,,,,,,,
FIN,172,Finland,Rate,GDP deflator Index growth rate,7.6,7.4,8.2,13.8,22.1,13.6,13.1,9.4,7.5,8.3,9.6,11.7,9.1,8.2,8.5,5.2,4.8,4.3,7.7,6.5,5.6,1.5,0.9,1.8,1.8,4.2,-0.1,2.1,3.1,0.9,1.6,3.3,0.9,0.2,0.6,0.9,0.9,2.8,3.0,1.8,0.3,2.6,3.0,2.6,1.6,1.6,0.1,0.8,1.9,1.5,1.6,2.5,4.0,4.8,,,,,,,,,,,,,,,,,,,,,,,,
FJI,819,Fiji,Rate,GDP deflator Index growth rate,6.8,3.4,14.7,16.0,29.6,24.3,7.9,0.0,4.4,8.1,17.3,1.3,6.6,7.1,1.4,7.3,4.2,8.0,4.7,-3.0,6.7,6.0,6.3,6.7,0.8,1.1,2.9,3.7,7.5,6.9,-4.7,3.5,3.3,8.1,2.1,9.0,3.7,3.0,1.4,1.4,4.2,9.4,3.6,3.6,3.9,2.5,2.6,1.7,1.4,2.4,-2.6,-3.4,-3.4,4.4,,,,,,,,,,,,,,,,,,,,,,,,
FRA,132,France,Rate,GDP deflator Index growth rate,5.4,5.9,6.8,7.9,11.8,13.8,10.7,8.8,9.3,10.3,11.7,11.7,12.1,9.7,7.1,5.5,5.1,2.5,3.2,3.3,2.7,2.5,2.0,1.6,0.9,1.1,1.4,0.9,1.0,0.2,1.6,2.0,2.1,1.9,1.6,1.9,2.2,2.6,2.4,0.1,1.1,0.9,1.2,0.8,0.6,1.1,0.5,0.5,1.0,1.2,2.2,1.3,2.9,5.5,,,,,,,,,,,,,,,,,,,,,,,,
FSM,868,"Micronesia, Fed. Sts.",Rate,GDP deflator Index growth rate,,,,,,,,,,,,,,,,,,,,,,,,,,,1.8,0.7,3.1,-0.9,1.1,1.2,0.0,-0.4,1.1,2.1,1.4,3.3,4.8,5.5,3.6,1.6,7.1,0.6,3.0,-5.3,4.0,7.5,9.4,1.5,0.5,2.3,1.8,6.2,,,,,,,,,,,,,,,,,,,,,,,,
GAB,646,Gabon,Rate,GDP deflator Index growth rate,3.8,3.9,3.4,6.2,12.0,27.6,-9.0,13.9,7.8,20.4,40.7,20.8,8.9,8.9,5.1,2.3,3.1,-22.4,5.6,1.4,15.4,-11.4,0.2,-0.5,46.6,1.3,13.6,0.9,-17.8,19.2,28.1,-6.3,0.4,0.3,7.3,22.7,8.5,5.6,14.5,-15.4,16.6,12.7,-2.9,-6.0,-1.0,-8.9,-4.3,3.8,7.2,1.5,-7.4,25.3,25.4,-7.2,,,,,,,,,,,,,,,,,,,,,,,,
GBR,112,United Kingdom,Rate,GDP deflator Index growth rate,9.2,9.6,8.0,7.6,14.1,24.8,15.2,13.8,11.5,14.1,19.7,12.4,8.0,5.5,5.2,5.4,4.5,5.4,5.9,7.8,8.1,6.6,3.1,2.7,1.3,2.4,4.1,-0.1,1.0,0.9,1.8,1.1,2.1,2.4,2.5,2.7,2.8,2.7,3.1,1.6,1.6,2.1,1.7,1.8,1.7,0.7,2.2,1.9,2.2,2.1,5.7,0.4,5.1,8.3,,,,,,,,,,,,,,,,,,,,,,,,
GEO,915,Georgia,Rate,GDP deflator Index growth rate,-0.3,2.7,-1.1,0.1,1.8,0.9,0.3,1.4,0.3,2.7,1.0,3.4,3.6,-2.6,0.6,-4.7,6.6,2.3,-2.6,6.3,22.2,62.2,1310.3,15444.4,6041.6,162.7,43.0,6.5,6.9,9.7,4.7,5.4,5.9,3.4,8.4,7.9,8.4,9.5,9.6,-2.1,14.2,8.7,0.5,1.3,4.2,5.8,2.6,8.5,4.3,5.2,5.8,10.3,8.5,2.5,,,,,,,,,,,,,,,,,,,,,,,,
GHA,652,Ghana,Rate,GDP deflator Index growth rate,3.0,8.7,15.5,21.4,20.9,28.6,32.1,62.2,73.3,38.0,51.1,66.7,27.7,128.9,33.2,25.7,43.4,35.5,31.2,29.8,34.8,20.4,12.5,15.1,30.8,42.4,38.4,20.8,16.8,14.2,27.4,35.0,22.8,28.2,14.0,14.9,12.2,15.6,17.5,14.2,16.7,15.3,15.3,13.7,22.2,13.6,15.2,10.4,10.2,9.2,8.6,11.2,27.9,36.3,,,,,,,,,,,,,,,,,,,,,,,,
GIN,656,Guinea,Rate,GDP deflator Index growth rate,4.3,5.6,5.6,10.0,4.1,4.8,6.2,4.6,2.2,7.6,6.2,8.6,29.6,29.3,25.3,19.0,69.7,27.3,21.7,22.3,17.3,26.0,26.2,0.7,1.4,5.9,0.3,1.7,4.6,3.6,3.4,1.5,1.8,17.4,16.3,41.8,29.1,13.9,16.7,2.2,16.8,9.0,7.9,7.9,2.8,2.8,5.7,10.4,10.0,9.3,10.9,11.5,11.5,8.8,,,,,,,,,,,,,,,,,,,,,,,,
GMB,648,"Gambia, The",Rate,GDP deflator Index growth rate,-2.0,3.1,8.7,6.9,9.2,25.9,17.1,12.4,7.2,1.1,0.5,21.1,-9.2,2.2,10.4,22.1,35.6,33.2,8.2,13.8,15.3,14.5,8.0,5.7,7.8,0.8,4.1,6.4,0.6,3.3,3.6,15.2,16.1,27.4,12.2,4.1,1.3,4.4,2.5,4.5,5.6,4.6,3.8,5.9,5.2,9.7,7.8,3.9,7.0,7.1,7.2,7.8,7.8,14.2,,,,,,,,,,,,,,,,,,,,,,,,
GNB,654,Guinea-Bissau,Rate,GDP deflator Index growth rate,,1.8,5.0,10.4,8.9,7.2,1.5,3.1,6.3,4.3,11.5,65.3,32.0,35.4,-24.4,44.8,-24.0,-30.5,-9.5,25.2,-0.8,36.4,-2.5,-18.3,6.5,84.6,-5.8,2.2,10.3,-12.4,-22.9,3.8,3.4,-0.6,-5.5,3.1,-4.2,6.0,12.8,-3.8,5.2,8.5,0.0,-0.9,1.3,14.5,2.8,10.4,-5.2,-3.5,0.1,6.2,2.7,7.2,,,,,,,,,,,,,,,,,,,,,,,,
GNQ,642,Equatorial Guinea,Rate,GDP deflator Index growth rate,1.7,5.6,6.9,10.3,18.0,12.7,15.4,12.0,9.5,12.2,2.6,14.4,40.4,24.7,25.6,52.8,-2.9,1.5,4.0,-4.8,5.7,3.8,-14.3,-2.2,24.4,0.0,10.0,-12.4,-32.1,38.4,-14.0,-6.9,-2.0,32.9,10.2,27.1,14.7,3.0,19.8,-20.8,24.9,17.0,4.9,-1.1,-1.3,-20.2,-6.3,12.7,11.2,-7.3,-10.1,18.2,20.9,-9.6,,,,,,,,,,,,,,,,,,,,,,,,
GRC,174,Greece,Rate,GDP deflator Index growth rate,3.8,3.0,5.0,20.9,22.8,13.1,16.4,13.8,13.8,20.2,19.2,21.6,27.2,20.6,21.9,19.0,18.9,15.2,16.7,14.5,20.7,19.8,14.8,14.4,11.2,9.8,7.6,6.6,5.1,3.6,1.6,3.5,3.3,3.5,3.1,2.2,3.5,3.4,4.3,2.6,0.7,1.0,-0.3,-2.0,-1.9,-0.3,-0.6,0.4,-0.1,0.2,-1.5,1.3,8.1,4.9,,,,,,,,,,,,,,,,,,,,,,,,
GRD,328,Grenada,Rate,GDP deflator Index growth rate,18.5,18.5,18.5,18.5,18.5,18.5,18.5,18.5,28.5,11.0,1.7,2.9,4.2,1.7,6.2,8.7,4.2,5.1,6.8,9.0,-0.2,6.6,4.0,1.9,3.0,3.0,2.7,1.9,1.7,1.0,2.7,2.1,0.4,-0.1,2.0,2.5,4.7,2.3,7.8,0.0,0.5,0.2,3.9,2.9,0.8,2.8,2.6,1.5,-0.3,1.2,-0.5,2.8,1.2,2.9,,,,,,,,,,,,,,,,,,,,,,,,
GTM,258,Guatemala,Rate,GDP deflator Index growth rate,5.0,-1.3,-1.4,14.5,15.7,13.1,11.5,16.5,5.5,8.6,10.0,8.6,5.0,6.5,4.1,18.8,41.5,8.0,11.7,10.9,40.5,33.1,8.9,14.6,11.7,8.7,8.9,8.3,9.5,5.0,6.9,7.6,6.1,4.2,5.2,5.2,4.8,6.5,9.2,1.2,4.9,5.7,2.6,2.9,2.9,2.2,2.7,1.7,1.2,3.4,2.3,2.8,6.2,6.6,,,,,,,,,,,,,,,,,,,,,,,,
GUY,336,Guyana,Rate,GDP deflator Index growth rate,3.4,1.0,5.0,7.5,17.5,7.8,9.0,8.3,16.1,6.4,10.8,5.2,0.2,14.7,16.3,17.9,13.9,111.3,23.8,187.3,57.5,132.2,12.2,14.3,18.0,10.7,2.8,1.4,1.7,13.9,4.5,0.9,4.1,4.8,4.8,6.2,5.7,10.6,10.5,1.1,6.5,9.5,16.4,-0.5,-2.1,3.0,0.9,2.1,-2.9,3.0,-22.3,22.5,16.6,-11.7,,,,,,,,,,,,,,,,,,,,,,,,
HKG,532,"Hong Kong SAR, China",Rate,GDP deflator Index growth rate,8.9,7.6,9.2,14.3,11.6,4.5,9.6,3.9,8.1,17.8,15.7,10.7,9.8,4.6,9.6,5.4,3.7,8.6,8.8,12.6,7.6,9.1,9.9,8.6,6.3,4.1,5.9,5.8,1.2,-4.1,-3.4,-1.8,-3.4,-6.0,-3.6,-0.2,-0.5,3.1,1.3,-0.4,0.3,3.9,3.5,1.8,2.9,3.6,1.6,2.9,3.7,2.4,0.8,0.9,2.1,3.1,,,,,,,,,,,,,,,,,,,,,,,,
HND,268,Honduras,Rate,GDP deflator Index growth rate,4.4,-2.8,3.9,5.3,14.8,6.4,8.5,12.2,75.1,8.4,11.3,7.2,4.4,7.0,3.4,5.2,3.9,2.8,6.5,7.1,21.2,26.0,9.1,13.6,28.9,24.9,16.2,16.4,11.0,7.6,8.0,8.1,5.1,5.8,6.5,7.3,5.3,6.6,7.8,7.7,4.7,7.8,3.6,1.4,6.8,6.9,3.7,4.5,1.9,4.3,4.3,3.8,9.2,6.2,,,,,,,,,,,,,,,,,,,,,,,,
HRV,960,Croatia,Rate,GDP deflator Index growth rate,,,,,,,,,,,,,,,,,,,,,,,,1466.7,111.7,5.5,3.8,6.9,8.3,3.7,4.5,4.3,3.9,4.3,3.6,3.1,3.9,4.2,5.6,3.0,0.9,1.6,1.5,0.7,0.1,0.1,-0.1,1.2,2.0,1.5,1.0,2.0,8.2,8.7,,,,,,,,,,,,,,,,,,,,,,,,
HTI,263,Haiti,Rate,GDP deflator Index growth rate,1.3,9.5,3.2,22.7,15.0,16.8,7.0,6.5,-3.4,4.0,9.2,8.9,7.0,9.0,10.6,10.2,10.8,-50.5,-34.6,-6.5,27.9,6.5,-0.1,59.1,275.8,41.7,10.0,12.7,14.2,7.0,11.1,12.9,8.0,18.3,19.3,11.3,9.8,7.5,11.3,8.5,6.6,5.0,8.2,6.4,2.1,7.6,12.9,10.1,10.1,17.4,22.9,19.3,19.3,44.5,,,,,,,,,,,,,,,,,,,,,,,,
HUN,944,Hungary,Rate,GDP deflator Index growth rate,,,,,,,,,,,,5.2,5.7,5.0,6.3,5.9,3.7,8.2,17.5,18.7,25.7,35.7,21.5,21.3,19.5,25.4,21.9,20.3,13.8,8.1,9.6,11.0,8.1,5.4,5.1,2.6,3.7,5.4,4.8,4.2,2.5,1.9,2.9,2.8,3.7,2.8,1.4,4.0,4.8,4.8,5.4,6.3,13.2,14.4,,,,,,,,,,,,,,,,,,,,,,,,
IDN,536,Indonesia,Rate,GDP deflator Index growth rate,14.3,4.4,6.4,31.0,40.6,19.1,19.8,11.2,11.9,34.5,29.5,4.5,5.1,19.6,9.0,4.0,1.9,13.1,8.0,10.0,7.7,8.6,6.4,8.1,7.8,9.9,8.7,12.6,75.3,14.2,8.4,14.3,5.9,5.5,8.6,14.3,14.1,11.3,17.3,6.0,7.3,7.5,3.8,5.0,5.4,4.0,2.4,4.3,3.8,1.6,-0.5,6.0,8.7,2.8,,,,,,,,,,,,,,,,,,,,,,,,
IND,534,India,Rate,GDP deflator Index growth rate,1.6,5.3,10.8,17.8,16.7,-1.6,6.0,5.6,2.5,15.7,11.5,10.8,8.1,8.6,7.9,7.2,6.8,9.3,8.2,8.4,10.7,13.8,9.0,9.9,10.0,9.1,7.6,6.5,8.0,3.4,3.5,3.1,3.6,3.8,5.8,4.2,6.4,5.8,8.7,6.1,9.0,5.2,7.9,6.2,3.3,2.3,3.2,4.0,3.7,3.6,4.6,10.0,8.7,2.3,,,,,,,,,,,,,,,,,,,,,,,,
IRL,178,Ireland,Rate,GDP deflator Index growth rate,,10.5,13.4,15.3,6.1,20.1,21.0,13.3,10.5,13.7,14.7,18.4,16.9,11.0,7.3,6.6,6.1,3.1,3.7,5.0,0.7,2.4,2.8,5.3,1.5,5.7,0.7,4.0,6.9,4.8,7.4,6.7,5.3,3.1,1.1,2.9,3.5,1.3,-0.4,-4.6,-2.7,1.3,2.6,0.9,0.0,7.8,0.7,1.0,0.5,2.6,0.6,0.7,5.0,3.0,,,,,,,,,,,,,,,,,,,,,,,,
IRN,429,"Iran, Islamic Rep.",Rate,GDP deflator Index growth rate,1.2,13.9,4.9,35.4,50.5,11.1,9.3,24.1,10.1,50.3,27.0,27.1,6.6,15.8,23.8,0.5,12.1,19.9,19.8,18.1,24.7,25.4,32.4,46.2,34.3,41.5,29.7,15.5,8.6,32.6,24.0,11.8,30.0,12.1,24.5,20.2,14.6,22.9,19.4,4.6,15.9,23.7,24.0,35.6,10.8,0.4,1.6,12.2,32.9,36.9,33.8,56.3,55.1,33.7,,,,,,,,,,,,,,,,,,,,,,,,
IRQ,433,Iraq,Rate,GDP deflator Index growth rate,4.4,10.7,-3.4,8.8,88.3,3.9,12.6,9.7,2.3,31.7,13.2,-27.5,8.3,14.2,17.0,1.7,-6.7,9.9,10.4,8.4,73.6,111.1,104.5,114.5,396.4,295.4,-12.5,91.5,-15.9,71.1,43.7,-19.6,6.7,7.8,16.7,32.3,18.0,15.0,30.2,-19.5,16.5,24.6,2.7,0.1,-0.7,-26.1,-13.4,14.6,15.4,0.0,-12.5,33.4,37.9,-9.7,,,,,,,,,,,,,,,,,,,,,,,,
ISL,176,Iceland,Rate,GDP deflator Index growth rate,15.2,12.6,18.3,31.5,37.7,41.9,32.7,32.7,46.2,40.9,52.5,49.0,53.6,76.6,26.9,31.9,24.3,20.1,23.0,22.7,15.2,8.4,3.2,1.6,2.6,2.9,3.1,2.0,4.7,3.5,4.0,8.7,5.9,0.5,2.7,3.1,8.6,4.3,12.1,10.8,6.4,3.1,3.4,2.1,4.1,6.1,2.3,0.9,2.7,4.5,3.4,6.0,8.3,6.0,,,,,,,,,,,,,,,,,,,,,,,,
ISR,436,Israel,Rate,GDP deflator Index growth rate,33.7,14.4,16.6,22.2,35.5,36.6,31.4,41.6,56.1,76.9,125.4,125.6,125.8,151.6,382.8,257.7,50.0,19.1,19.9,20.2,16.4,22.6,12.5,11.5,13.5,8.3,10.6,8.3,6.9,6.2,2.3,1.8,4.5,-0.3,0.1,1.2,1.4,1.0,2.2,4.1,1.6,2.0,3.6,2.2,1.0,2.8,1.0,0.2,1.3,2.2,0.9,2.1,4.3,3.7,,,,,,,,,,,,,,,,,,,,,,,,
ITA,136,Italy,Rate,GDP deflator Index growth rate,11.0,7.2,5.6,12.7,20.2,17.0,17.5,18.5,13.9,15.5,20.8,19.1,17.8,15.4,11.0,9.4,7.6,6.1,6.8,6.3,6.7,7.7,4.5,3.9,3.6,6.4,4.5,2.6,2.4,1.5,1.8,3.0,3.3,3.1,2.7,2.0,2.1,2.5,2.4,1.7,0.4,1.6,1.5,1.1,0.9,0.9,1.1,0.7,1.1,0.8,1.2,0.5,2.9,5.3,,,,,,,,,,,,,,,,,,,,,,,,
JAM,343,Jamaica,Rate,GDP deflator Index growth rate,5.2,6.9,-4.9,26.4,31.1,20.7,11.1,12.5,26.6,15.7,18.3,5.2,11.4,18.4,28.9,23.0,8.2,4.7,24.1,14.8,52.1,53.1,86.8,33.4,30.5,25.0,18.5,10.2,9.3,7.0,10.7,7.9,10.5,11.6,12.9,11.5,8.8,11.3,13.6,10.6,9.8,6.1,6.5,8.7,7.1,6.7,4.5,6.9,5.1,3.1,4.3,7.4,7.4,9.2,,,,,,,,,,,,,,,,,,,,,,,,
JOR,439,Jordan,Rate,GDP deflator Index growth rate,5.9,4.8,7.7,11.1,19.4,12.0,11.5,14.6,10.0,14.9,6.5,7.8,8.2,8.0,1.2,4.4,7.8,-0.7,0.7,16.4,12.6,4.6,8.9,3.2,6.8,1.6,3.5,0.3,5.7,0.2,-0.4,1.2,-0.2,2.4,3.5,1.8,9.9,5.2,20.2,3.2,8.1,5.9,4.6,6.1,3.4,2.2,1.4,1.7,1.7,1.7,-0.5,1.3,2.6,2.6,,,,,,,,,,,,,,,,,,,,,,,,
JPN,158,Japan,Rate,GDP deflator Index growth rate,23.0,5.1,5.6,12.7,20.8,7.2,8.0,6.7,4.6,2.8,5.4,2.9,1.7,0.9,1.5,1.3,1.6,-0.2,0.6,2.1,2.6,2.9,1.7,0.6,0.2,-0.5,-0.4,0.5,0.0,-1.2,-1.3,-1.1,-1.4,-1.6,-1.1,-1.2,-0.9,-0.7,-0.9,-0.6,-1.9,-1.6,-0.8,-0.4,1.7,2.1,0.4,-0.1,0.0,0.6,0.9,-0.9,0.2,3.6,,,,,,,,,,,,,,,,,,,,,,,,
KAZ,916,Kazakhstan,Rate,GDP deflator Index growth rate,,,,,,,,,,,,,,,,,,,,,,,,1260.5,1521.0,160.9,38.9,16.1,5.7,13.3,17.4,10.2,5.8,11.7,16.1,17.9,21.6,15.5,20.9,4.7,19.5,20.5,4.8,9.5,5.8,1.8,13.6,11.2,9.2,7.6,0.5,13.9,14.1,9.3,,,,,,,,,,,,,,,,,,,,,,,,
KEN,664,Kenya,Rate,GDP deflator Index growth rate,2.1,3.7,6.1,9.3,17.7,18.3,10.6,14.1,2.4,5.2,9.5,10.3,10.6,11.0,10.6,9.0,9.6,5.1,5.4,10.0,10.9,12.1,16.5,25.4,12.8,11.5,21.1,11.4,6.5,4.0,6.3,2.0,1.3,6.6,7.2,5.0,10.9,8.1,15.2,11.6,2.1,10.8,9.4,5.2,8.1,10.0,5.6,10.9,2.4,4.0,8.2,5.0,3.7,7.3,,,,,,,,,,,,,,,,,,,,,,,,
KGZ,917,Kyrgyz Republic,Rate,GDP deflator Index growth rate,,,,,,,,,,,,,,,,,,,,,,,,730.5,180.9,42.0,35.3,19.3,9.1,37.6,27.2,7.3,2.0,4.0,5.1,7.1,9.4,14.9,23.2,4.0,10.0,22.5,8.7,3.2,8.4,3.4,6.1,6.3,3.7,-0.8,5.9,16.0,18.5,11.6,,,,,,,,,,,,,,,,,,,,,,,,
KHM,522,Cambodia,Rate,GDP deflator Index growth rate,,,,,,,,,,,,,,,,,,,75.3,19.0,145.8,107.3,75.4,107.4,-1.5,12.0,3.0,6.0,10.4,1.3,-3.9,2.3,0.7,1.8,4.8,6.1,4.6,6.5,12.3,2.5,3.1,3.4,1.4,0.8,2.6,1.7,3.5,3.3,2.5,2.5,1.8,1.3,1.3,3.2,,,,,,,,,,,,,,,,,,,,,,,,
KIR,826,Kiribati,Rate,GDP deflator Index growth rate,,7.1,5.2,16.3,13.0,9.5,9.2,8.9,11.9,9.2,6.8,3.6,3.8,8.7,9.5,0.5,1.5,8.1,3.2,1.1,-0.5,10.3,6.3,4.6,6.5,0.8,11.9,4.0,8.0,4.4,2.5,6.1,4.9,2.6,1.7,0.5,-0.3,6.1,8.3,0.2,1.2,1.9,-0.4,0.1,4.7,3.5,0.2,1.0,5.6,2.1,2.4,3.3,8.7,3.4,,,,,,,,,,,,,,,,,,,,,,,,
KNA,361,St. Kitts and Nevis,Rate,GDP deflator Index growth rate,17.6,18.0,17.6,17.8,17.6,17.8,17.8,17.6,8.2,6.7,18.9,16.5,7.6,0.6,6.3,4.7,8.1,5.7,7.4,5.0,7.2,-2.9,7.3,3.4,6.0,4.1,0.7,4.9,3.2,2.1,-1.3,3.3,3.5,1.7,3.8,-1.6,14.2,6.3,2.7,3.8,2.3,5.6,0.1,-0.4,2.7,-0.3,2.3,4.7,-1.5,2.4,-1.6,-1.8,-1.8,6.1,,,,,,,,,,,,,,,,,,,,,,,,
KOR,542,"Korea, Rep.",Rate,GDP deflator Index growth rate,14.8,11.2,15.8,12.7,30.6,23.7,21.2,14.5,21.8,18.5,24.7,16.6,6.5,4.8,4.4,4.0,5.0,4.8,7.1,6.1,10.1,9.1,7.8,6.3,8.2,7.0,4.1,4.0,4.5,-1.2,1.0,3.5,3.0,3.4,3.1,1.0,-0.2,2.4,2.8,3.6,2.7,1.3,1.3,1.0,0.9,3.2,2.0,2.2,0.5,-0.9,1.3,2.5,1.2,1.6,,,,,,,,,,,,,,,,,,,,,,,,
KWT,443,Kuwait,Rate,GDP deflator Index growth rate,4.7,5.4,4.4,8.3,13.0,8.4,5.2,2.0,-0.6,45.7,41.9,11.8,-2.5,-7.0,0.4,4.9,-25.7,10.8,3.0,-1.7,1.1,-0.4,1.8,-8.2,-6.0,8.1,15.5,-4.7,-17.2,18.1,20.5,-7.8,5.2,4.8,10.9,22.4,16.2,4.3,18.7,-17.2,11.1,17.2,7.5,0.2,-6.8,-26.0,-6.8,16.2,14.6,-4.2,-12.0,25.4,25.5,-10.7,,,,,,,,,,,,,,,,,,,,,,,,
LAO,544,Lao PDR,Rate,GDP deflator Index growth rate,0.3,1.3,25.2,30.8,50.0,29.7,10.9,90.0,8.9,3.2,188.6,-0.6,66.7,77.9,34.5,48.1,40.9,31.1,48.9,65.4,34.6,13.3,9.3,6.4,7.7,19.6,13.8,19.3,-4.1,116.8,33.9,12.6,10.6,13.1,10.7,8.3,12.2,6.6,5.6,-1.8,4.8,7.5,5.2,6.5,5.7,2.3,3.0,1.9,1.9,2.4,6.2,3.7,5.6,24.3,,,,,,,,,,,,,,,,,,,,,,,,
LBN,446,Lebanon,Rate,GDP deflator Index growth rate,0.0,1.6,4.9,6.0,12.3,20.0,28.8,21.1,6.2,23.8,23.7,20.8,17.2,7.4,17.8,69.8,95.2,487.0,155.0,72.2,68.8,51.5,120.0,29.1,8.0,10.6,8.9,7.7,4.1,0.9,-2.0,-1.8,4.9,1.7,1.0,-1.1,0.9,3.1,7.5,10.3,0.6,3.0,7.6,2.6,0.1,3.5,1.0,2.9,5.5,2.5,60.9,150.0,24.3,,,,,,,,,,,,,,,,,,,,,,,,,
LBR,668,Liberia,Rate,GDP deflator Index growth rate,,,,,,,,,,,,,,,,,,,,,,,,,,,,,,,,2.3,-0.2,6.3,20.6,-0.1,8.1,7.2,17.4,0.3,4.9,10.2,5.3,4.7,0.8,-0.1,7.3,-0.1,-3.3,-3.7,2.0,9.9,10.0,5.6,,,,,,,,,,,,,,,,,,,,,,,,
LBY,672,Libya,Rate,GDP deflator Index growth rate,-5.2,-3.1,-0.3,8.0,7.4,9.2,5.4,6.3,-3.7,27.4,37.9,8.0,-1.8,0.0,2.1,-2.2,-2.2,2.7,0.6,3.7,5.0,-5.1,9.2,1.6,4.8,22.3,11.1,8.7,0.9,18.6,13.3,7.2,27.2,14.4,22.6,28.6,9.5,11.0,29.4,-27.3,33.0,34.5,14.3,3.8,-0.4,-11.4,17.1,-1.0,16.3,-15.1,35.8,110.4,110.9,-5.3,,,,,,,,,,,,,,,,,,,,,,,,
LCA,362,St. Lucia,Rate,GDP deflator Index growth rate,13.4,8.3,8.0,13.4,34.2,17.7,9.7,8.9,8.6,14.8,17.9,8.6,-7.6,3.4,18.1,0.5,4.5,6.3,0.5,4.0,8.3,5.5,1.8,1.0,2.6,5.0,0.5,2.9,2.4,2.4,1.1,-0.9,0.4,5.2,0.7,6.9,5.1,3.3,2.6,-0.7,5.5,1.2,2.1,6.0,4.1,3.2,-0.6,3.6,0.7,1.0,-1.8,-0.6,-0.6,4.2,,,,,,,,,,,,,,,,,,,,,,,,
LKA,524,Sri Lanka,Rate,GDP deflator Index growth rate,5.9,2.7,6.3,9.7,12.3,6.7,1.2,1.2,10.4,15.8,26.6,15.0,10.9,18.6,18.5,0.6,6.0,8.0,9.9,11.0,20.3,4.4,17.9,9.3,7.3,8.7,2.6,5.1,16.3,5.6,4.9,14.1,8.4,5.1,8.8,10.4,11.3,14.0,16.3,5.9,7.3,3.8,10.8,6.2,2.9,0.6,4.8,7.3,3.8,2.7,3.4,8.1,16.8,18.6,,,,,,,,,,,,,,,,,,,,,,,,
LSO,666,Lesotho,Rate,GDP deflator Index growth rate,13.4,13.4,13.4,13.4,13.4,14.2,11.4,16.7,7.2,11.5,11.6,10.2,-2.0,9.7,11.0,17.8,14.3,14.8,17.7,13.7,13.1,15.6,12.8,10.2,9.7,11.7,6.9,9.2,9.0,6.7,5.3,10.1,9.9,2.5,6.3,6.4,7.8,11.7,12.5,3.2,6.4,7.4,4.2,11.3,13.0,7.5,0.7,0.9,5.3,4.9,4.7,-0.9,18.1,0.3,,,,,,,,,,,,,,,,,,,,,,,,
LTU,946,Lithuania,Rate,GDP deflator Index growth rate,,,,,,,,,,,,,,,,,,,,,,,,,,,19.0,11.4,3.4,-1.3,1.3,-0.3,0.3,-0.8,2.7,6.9,6.7,8.6,9.7,-3.3,2.5,5.3,2.7,1.3,0.8,0.1,1.6,4.2,3.5,2.8,0.8,6.5,14.5,7.2,,,,,,,,,,,,,,,,,,,,,,,,
LUX,137,Luxembourg,Rate,GDP deflator Index growth rate,16.9,-0.8,5.8,12.2,17.0,-0.9,12.2,1.2,5.1,6.4,7.9,8.3,0.0,8.0,5.9,0.4,-0.1,0.1,2.8,4.0,2.5,1.8,3.7,6.0,3.5,2.3,3.0,-1.9,-0.4,5.3,7.2,0.5,1.7,2.7,3.0,4.2,7.0,1.5,3.9,1.4,3.6,4.8,2.6,1.7,2.7,0.2,0.8,1.7,2.5,3.4,2.3,6.2,6.5,3.6,,,,,,,,,,,,,,,,,,,,,,,,
LVA,941,Latvia,Rate,GDP deflator Index growth rate,,,,,,,,,,,,,,,,,,,,,,,,64.8,36.2,14.9,12.4,5.9,4.8,1.5,3.6,2.3,5.1,4.9,6.8,11.2,12.4,20.1,11.6,-9.7,-0.4,6.4,3.6,1.6,1.9,0.0,0.9,3.0,3.9,2.3,0.1,6.9,12.4,5.6,,,,,,,,,,,,,,,,,,,,,,,,
MAC,546,"Macao SAR, China",Rate,GDP deflator Index growth rate,,,,,,,,,,,,,,,,,,,,,,,,,,,,,,,,,-1.3,0.1,1.9,5.6,7.7,8.8,10.1,0.9,4.8,7.5,6.9,7.7,8.7,4.5,0.9,2.2,3.5,2.4,0.0,-0.6,0.4,1.7,,,,,,,,,,,,,,,,,,,,,,,,
MAR,686,Morocco,Rate,GDP deflator Index growth rate,1.3,4.1,3.8,4.1,17.5,7.7,8.3,13.0,5.2,7.2,15.1,9.7,7.2,7.3,8.6,8.4,10.3,3.9,5.3,4.0,5.5,5.4,4.6,3.0,0.7,7.5,0.4,0.7,0.4,0.6,-0.7,0.7,1.2,1.1,1.2,1.2,1.5,3.6,4.5,0.1,1.0,-0.7,0.4,1.3,0.4,2.1,1.5,0.6,1.1,1.3,0.9,3.2,5.0,4.2,,,,,,,,,,,,,,,,,,,,,,,,
MDA,921,Moldova,Rate,GDP deflator Index growth rate,,,,,,,,,,,,,,,,,,,,,,,,860.5,276.5,38.8,27.9,12.6,9.4,39.8,29.9,9.9,9.8,14.9,8.0,9.3,13.4,15.9,9.2,2.2,33.3,8.2,7.4,3.9,6.4,9.6,5.7,6.3,2.1,6.7,2.5,3.3,19.4,9.3,,,,,,,,,,,,,,,,,,,,,,,,
MDG,674,Madagascar,Rate,GDP deflator Index growth rate,2.8,5.5,5.6,6.1,22.0,8.2,5.0,3.1,6.6,11.3,15.0,30.5,31.9,19.5,9.7,10.6,14.5,15.5,26.3,9.0,11.9,8.5,14.6,10.0,39.0,49.0,19.8,4.5,6.2,7.2,11.6,7.9,16.5,-1.7,14.0,18.4,10.8,10.3,7.5,6.9,10.2,10.4,5.5,5.5,6.7,6.5,9.0,5.0,10.0,8.0,4.2,7.4,6.6,7.4,,,,,,,,,,,,,,,,,,,,,,,,
MDV,556,Maldives,Rate,GDP deflator Index growth rate,4.3,5.6,5.5,10.0,18.3,0.0,31.4,-0.8,17.8,22.6,-6.3,8.6,4.9,2.2,1.8,5.0,9.1,12.0,4.8,6.3,26.4,14.1,12.9,11.3,8.6,15.3,3.7,12.1,-3.2,1.7,1.1,0.6,1.7,1.3,10.0,9.2,7.4,10.1,11.1,11.3,2.9,12.6,6.8,6.4,4.6,7.9,0.2,1.4,3.1,-0.5,-1.6,1.7,1.7,2.6,,,,,,,,,,,,,,,,,,,,,,,,
MEX,273,Mexico,Rate,GDP deflator Index growth rate,2.7,5.3,5.0,12.0,23.7,15.3,16.0,28.9,17.5,20.8,29.8,26.1,62.1,86.5,59.3,58.7,69.3,142.8,100.4,26.8,28.2,23.4,14.8,21.6,8.8,38.5,26.5,18.7,15.4,16.1,11.2,6.0,5.5,4.0,8.0,5.9,6.4,5.8,6.2,3.9,4.5,5.8,4.1,1.5,4.4,2.8,5.6,6.7,4.9,4.0,3.1,5.2,6.6,4.3,,,,,,,,,,,,,,,,,,,,,,,,
MHL,867,Marshall Islands,Rate,GDP deflator Index growth rate,,,,,,,,,,,,,,,,,,,,,,,,,,,,,3.1,2.5,-2.1,-0.2,4.1,0.9,1.5,0.7,3.8,1.4,9.3,-3.9,0.2,8.1,7.2,-1.5,-0.4,-0.6,8.1,1.8,1.5,1.4,1.1,6.2,3.6,6.7,,,,,,,,,,,,,,,,,,,,,,,,
MKD,962,"Macedonia, FYR",Rate,GDP deflator Index growth rate,,,,,,,,,,,,,,,,,,,,,,,,442.3,152.0,17.1,2.8,4.0,1.4,2.8,8.2,4.7,0.9,1.7,-0.2,4.9,3.3,4.6,5.5,0.3,2.0,3.7,1.0,4.5,1.4,2.0,3.5,2.8,3.9,1.1,0.9,3.5,7.4,3.5,,,,,,,,,,,,,,,,,,,,,,,,
MLI,678,Mali,Rate,GDP deflator Index growth rate,14.3,21.1,7.3,18.7,11.2,5.8,8.0,22.1,3.3,11.9,2.7,10.1,20.9,8.6,11.8,0.3,0.9,-1.3,-0.6,0.8,4.3,-2.3,-2.0,3.1,42.0,14.3,-2.0,2.2,2.5,1.7,-0.6,4.7,3.5,-7.6,3.6,7.5,4.6,4.6,7.3,4.8,4.3,12.2,4.6,0.7,1.3,2.9,1.4,1.9,1.5,2.1,2.0,2.5,4.2,3.0,,,,,,,,,,,,,,,,,,,,,,,,
MLT,181,Malta,Rate,GDP deflator Index growth rate,,0.6,-1.2,8.7,3.4,5.4,5.0,4.9,4.2,6.2,12.4,7.8,3.4,-0.3,-0.2,0.6,3.5,3.1,1.9,2.1,3.2,3.4,3.6,2.9,3.6,9.0,1.1,1.0,1.2,0.8,1.6,4.4,2.7,1.9,2.1,1.9,2.2,2.3,3.2,2.0,3.2,1.1,2.1,2.3,2.3,4.2,1.5,2.2,2.0,2.2,0.9,1.8,5.0,5.3,,,,,,,,,,,,,,,,,,,,,,,,
MMR,518,Myanmar,Rate,GDP deflator Index growth rate,-1.4,-2.3,0.8,10.0,56.5,16.5,10.1,1.9,0.8,5.6,1.2,4.4,3.4,2.0,2.5,1.6,6.6,21.2,25.2,57.7,18.5,23.7,21.7,36.2,22.1,19.6,23.0,33.8,35.8,22.6,2.5,24.8,41.5,20.5,3.6,19.2,21.3,23.6,13.6,4.9,7.0,10.3,3.1,4.4,4.2,6.3,5.4,5.4,6.3,7.6,6.0,4.8,4.4,18.1,,,,,,,,,,,,,,,,,,,,,,,,
MNE,943,Montenegro,Rate,GDP deflator Index growth rate,,,,,,,,,,,,,,,,,,,,,,,,,,,,,,,,21.5,2.6,8.0,7.4,4.5,10.0,16.1,7.7,2.4,1.6,1.2,0.2,2.1,1.0,2.2,5.1,3.8,3.2,2.0,0.0,5.3,4.7,9.1,,,,,,,,,,,,,,,,,,,,,,,,
MNG,948,Mongolia,Rate,GDP deflator Index growth rate,0.0,0.0,0.0,0.0,0.0,0.0,0.0,0.0,0.0,0.0,0.0,1.3,2.0,1.0,-3.2,-1.3,-9.1,0.7,0.7,0.0,0.0,98.9,173.8,319.0,64.3,60.3,10.8,21.7,-1.9,10.9,12.0,8.8,5.8,9.7,17.6,3.9,22.4,13.2,22.7,2.7,37.9,15.1,12.8,2.9,7.4,1.7,2.2,10.5,8.4,9.4,4.7,14.4,13.9,21.5,,,,,,,,,,,,,,,,,,,,,,,,
MOZ,688,Mozambique,Rate,GDP deflator Index growth rate,2.0,2.0,2.0,2.0,2.0,2.0,2.0,2.0,2.0,2.0,2.0,-25.0,17.1,13.1,18.1,32.8,12.8,181.4,48.4,47.4,86.5,51.6,36.0,44.1,49.2,51.8,58.4,9.8,5.5,1.0,11.1,16.0,10.8,4.5,6.8,7.4,7.9,7.6,5.7,0.8,8.0,3.4,3.5,3.0,1.2,7.6,13.7,7.6,3.0,4.5,3.8,3.5,2.6,9.5,,,,,,,,,,,,,,,,,,,,,,,,
MRT,682,Mauritania,Rate,GDP deflator Index growth rate,0.1,6.3,7.1,16.5,12.7,15.0,6.0,6.4,2.5,12.2,6.5,7.3,10.1,7.3,10.9,10.2,7.3,10.5,5.4,8.0,2.6,41.4,5.7,11.9,11.1,2.8,1.9,12.1,18.5,4.8,6.4,5.8,6.7,4.5,10.9,14.6,14.1,8.9,10.7,-0.4,22.3,17.5,0.5,4.5,-11.9,-4.8,11.2,3.7,1.8,4.7,7.8,12.6,12.6,1.5,,,,,,,,,,,,,,,,,,,,,,,,
MUS,684,Mauritius,Rate,GDP deflator Index growth rate,,,,,,,,8.6,10.8,17.9,26.6,4.3,10.6,13.6,4.1,6.0,6.9,10.3,13.3,11.6,9.1,10.9,5.1,11.2,8.5,6.0,1.1,4.2,8.5,8.0,3.4,6.4,6.2,5.6,6.9,4.3,6.7,8.3,5.7,-0.7,1.1,3.2,2.5,2.8,1.5,1.0,2.1,1.3,1.4,0.5,3.8,3.3,3.1,6.4,,,,,,,,,,,,,,,,,,,,,,,,
MWI,676,Malawi,Rate,GDP deflator Index growth rate,8.8,7.9,0.9,9.3,18.3,8.2,10.0,13.4,0.2,3.4,15.8,16.4,9.6,11.1,12.8,9.0,13.2,14.7,29.2,21.2,6.4,20.3,13.3,28.2,28.2,79.0,48.7,17.7,22.9,39.0,31.6,24.1,23.0,10.3,14.8,10.7,20.0,4.1,12.0,7.9,12.1,14.1,17.7,27.3,20.9,20.9,20.5,10.9,7.8,8.0,8.5,8.5,8.1,28.6,,,,,,,,,,,,,,,,,,,,,,,,
MYS,548,Malaysia,Rate,GDP deflator Index growth rate,1.9,1.6,3.2,10.5,17.4,4.5,2.6,4.8,5.2,12.1,6.9,1.1,2.5,4.6,6.1,-1.8,-8.6,5.5,3.6,4.4,3.8,5.1,2.4,4.0,3.9,3.6,3.7,3.5,8.5,0.1,9.0,-1.6,3.1,3.3,6.0,5.1,4.0,4.9,10.4,-6.0,3.8,5.4,1.0,0.2,2.5,-0.1,1.7,3.8,0.7,0.1,-0.8,5.7,6.5,-2.2,,,,,,,,,,,,,,,,,,,,,,,,
NAM,728,Namibia,Rate,GDP deflator Index growth rate,,,,,,,,,,,,,,,,,,,,,,1.9,-0.2,11.7,18.7,5.7,14.5,7.1,2.8,12.5,26.7,9.9,8.8,1.8,7.3,3.4,12.6,10.0,10.9,7.0,3.6,3.8,12.9,4.0,8.2,3.9,8.0,9.9,4.4,1.8,3.5,1.7,1.7,7.0,,,,,,,,,,,,,,,,,,,,,,,,
NER,692,Niger,Rate,GDP deflator Index growth rate,0.8,4.2,9.8,11.7,3.3,9.1,23.5,15.4,16.1,7.6,15.5,11.5,10.0,7.8,11.7,-5.9,-4.2,1.7,-5.3,1.4,-1.6,-2.5,-5.2,-3.8,22.3,4.2,6.9,7.0,6.1,0.4,3.2,5.0,2.6,-0.2,0.4,8.6,1.5,7.0,10.2,4.2,3.5,4.0,5.3,-0.3,-0.5,2.6,1.4,0.8,2.4,0.1,2.8,3.1,11.8,2.8,,,,,,,,,,,,,,,,,,,,,,,,
NGA,694,Nigeria,Rate,GDP deflator Index growth rate,51.3,1.3,2.9,5.3,43.9,23.5,14.4,10.7,13.9,11.5,12.4,219.0,14.8,19.6,5.7,6.9,5.4,19.7,20.2,29.0,6.7,20.0,49.3,36.3,39.6,61.2,25.4,5.7,8.9,15.1,23.2,10.6,21.6,7.2,17.9,20.1,20.6,7.3,10.7,4.4,12.6,9.5,9.3,5.9,4.7,2.9,9.5,11.1,10.2,10.4,7.8,10.1,11.4,11.7,,,,,,,,,,,,,,,,,,,,,,,,
NIC,278,Nicaragua,Rate,GDP deflator Index growth rate,2.4,3.0,4.3,16.7,21.8,4.7,10.4,11.9,3.8,31.7,37.0,11.7,16.7,11.0,39.0,167.2,281.5,523.1,13611.6,4711.2,7410.0,2931.7,23.5,20.5,5.8,13.4,9.6,9.8,14.0,9.2,8.6,7.2,3.2,5.3,9.1,9.9,8.2,9.7,16.2,6.0,6.1,10.2,6.2,4.3,8.4,7.6,4.6,4.1,3.6,4.7,3.7,3.3,8.9,10.7,,,,,,,,,,,,,,,,,,,,,,,,
NLD,138,Netherlands,Rate,GDP deflator Index growth rate,5.6,8.8,8.2,8.5,12.9,8.1,9.0,5.3,5.3,4.8,6.2,5.4,5.4,2.1,1.4,1.8,0.1,-0.3,-0.2,1.4,1.5,3.1,2.5,1.6,2.1,1.7,1.0,2.6,2.1,1.3,3.4,4.2,3.8,2.2,1.2,2.0,2.6,2.1,2.3,0.2,0.9,0.2,1.4,1.3,0.3,0.8,0.5,1.3,2.4,3.0,2.2,2.5,5.1,7.8,,,,,,,,,,,,,,,,,,,,,,,,
NOR,142,Norway,Rate,GDP deflator Index growth rate,13.6,6.4,5.5,8.7,11.4,8.9,7.8,8.2,6.3,5.7,13.1,12.9,10.5,7.0,6.2,5.2,-0.5,7.2,4.9,5.6,3.8,2.2,-0.6,2.3,-0.2,3.1,4.3,2.8,-0.7,6.7,15.4,1.7,-1.6,2.9,5.8,8.8,8.8,3.0,10.4,-5.2,6.0,6.7,3.3,2.6,0.3,-2.9,-1.5,4.0,6.7,-0.4,-3.7,16.9,21.9,-10.1,,,,,,,,,,,,,,,,,,,,,,,,
NPL,558,Nepal,Rate,GDP deflator Index growth rate,7.0,-2.0,8.4,11.4,19.8,7.0,-3.1,9.9,9.4,10.0,7.6,7.9,5.0,20.2,7.8,12.8,14.4,12.7,11.8,11.3,10.7,12.5,18.5,10.8,4.8,6.3,7.8,7.1,4.2,8.8,4.6,2.6,3.9,3.1,4.2,6.1,7.4,7.6,5.6,15.9,15.1,10.8,7.7,7.1,8.0,4.4,7.2,8.3,4.4,4.7,4.1,5.5,5.5,7.1,,,,,,,,,,,,,,,,,,,,,,,,
NRU,836,Nauru,Rate,GDP deflator Index growth rate,,,,,,,,,,,,,,,,,,,,,,,,,,,,,,,,,,,,-6.5,-14.0,-3.8,18.7,31.3,-18.8,12.0,28.2,-22.3,-6.3,-11.9,27.9,11.9,4.1,2.6,2.2,2.8,2.1,7.2,,,,,,,,,,,,,,,,,,,,,,,,
NZL,196,New Zealand,Rate,GDP deflator Index growth rate,,11.7,9.2,8.4,3.7,14.6,21.5,17.1,13.0,14.2,14.9,13.2,11.3,8.9,7.7,15.5,13.7,16.4,10.5,5.8,4.1,-0.6,2.0,1.9,1.8,1.5,1.8,0.9,1.5,0.5,2.1,4.0,1.1,1.7,3.1,1.9,2.1,4.8,3.6,2.6,3.1,2.9,-0.1,3.2,1.8,0.8,2.0,3.8,2.1,2.8,4.1,4.3,5.3,6.5,,,,,,,,,,,,,,,,,,,,,,,,
OMN,449,Oman,Rate,GDP deflator Index growth rate,-6.2,16.1,2.5,40.3,201.0,2.4,1.3,6.0,3.8,30.6,51.1,4.0,-5.9,-9.6,-3.2,-3.0,-14.3,9.9,-7.7,8.5,15.0,-8.5,1.2,-5.5,-0.4,1.9,7.6,-2.4,-13.9,11.0,17.4,-4.6,4.7,10.3,13.0,22.5,13.6,8.3,33.7,-25.1,15.6,16.2,3.2,-2.2,1.5,-18.8,-9.4,7.4,12.0,-3.5,-11.6,12.7,15.9,-6.1,,,,,,,,,,,,,,,,,,,,,,,,
PAK,564,Pakistan,Rate,GDP deflator Index growth rate,-6.5,7.4,3.5,23.3,24.9,22.5,8.4,11.2,6.5,11.4,12.0,11.4,8.3,5.3,10.8,3.5,2.5,5.2,10.8,8.6,7.1,13.0,10.2,8.3,12.2,13.8,6.6,12.6,6.5,5.3,3.1,7.9,2.6,4.6,7.6,5.8,10.8,6.6,9.7,23.6,9.8,18.6,5.6,7.7,8.1,4.8,1.3,4.3,2.8,7.6,10.3,10.2,11.5,26.2,,,,,,,,,,,,,,,,,,,,,,,,
PAN,283,Panama,Rate,GDP deflator Index growth rate,3.4,2.9,5.0,8.5,11.6,9.4,4.5,4.7,7.9,9.2,10.1,3.6,4.9,7.5,1.6,0.8,0.3,2.3,-0.2,-1.3,0.6,0.5,5.1,3.6,3.7,0.5,9.8,1.5,1.0,0.9,-1.3,1.0,1.7,1.1,2.0,1.8,2.1,3.0,7.5,6.5,2.6,5.8,6.2,5.5,4.2,2.5,2.0,1.7,0.8,-0.2,-3.4,2.2,2.7,1.5,,,,,,,,,,,,,,,,,,,,,,,,
PER,293,Peru,Rate,GDP deflator Index growth rate,12.0,6.6,7.1,12.6,15.2,22.2,29.7,35.7,63.7,76.3,37.9,65.3,66.7,107.4,108.5,165.7,68.4,85.6,586.3,3300.0,5066.2,382.6,68.5,47.0,23.9,13.6,10.1,7.5,5.8,2.9,3.9,1.1,0.5,3.0,5.6,2.0,8.8,2.9,2.1,1.7,6.0,5.1,2.0,1.4,2.7,2.7,3.5,3.9,2.0,1.8,4.1,8.4,4.1,7.1,,,,,,,,,,,,,,,,,,,,,,,,
PHL,566,Philippines,Rate,GDP deflator Index growth rate,15.2,15.1,10.0,13.4,33.8,8.4,4.9,9.3,9.9,17.3,6.6,11.7,8.7,14.2,53.3,17.6,3.0,7.5,9.7,9.0,12.7,16.4,7.9,6.8,10.1,7.6,7.7,6.3,10.4,6.3,5.8,5.6,4.2,3.2,5.9,5.9,5.1,3.2,7.2,2.7,4.4,3.9,2.0,2.1,3.1,-0.7,1.3,2.3,3.7,0.8,1.8,2.3,5.4,4.9,,,,,,,,,,,,,,,,,,,,,,,,
PLW,565,Palau,Rate,GDP deflator Index growth rate,,,,,,,,,,,,,,,,,,,,,,,,,,,,,,,,0.8,0.4,-2.5,2.3,7.6,2.9,1.9,7.6,-1.5,-0.1,0.3,7.6,7.8,2.6,8.9,6.9,-1.1,-6.2,0.1,1.0,-0.2,-0.5,7.3,,,,,,,,,,,,,,,,,,,,,,,,
PNG,853,Papua New Guinea,Rate,GDP deflator Index growth rate,0.6,3.6,6.1,8.3,23.2,10.5,7.7,25.7,2.6,13.5,7.1,-2.7,3.2,9.2,0.0,0.0,0.0,0.0,28.9,-2.5,4.3,7.0,2.9,1.7,2.8,16.0,2.9,11.3,5.3,11.1,13.1,6.9,11.5,5.0,2.9,7.9,9.4,2.8,11.7,-4.9,9.9,8.8,-0.6,3.6,5.4,-1.2,2.5,7.7,9.8,0.1,1.0,12.7,11.9,-2.3,,,,,,,,,,,,,,,,,,,,,,,,
POL,964,Poland,Rate,GDP deflator Index growth rate,,,,,,,,,,,,20.6,109.8,18.6,24.5,17.3,20.1,27.4,69.3,214.2,560.1,55.2,39.2,30.0,36.6,34.1,17.9,13.9,11.1,6.0,7.3,3.5,2.5,0.8,4.9,2.6,1.7,3.7,3.9,3.8,1.7,3.3,2.4,0.3,0.5,1.0,0.3,1.9,1.2,3.1,4.1,5.1,10.3,11.0,,,,,,,,,,,,,,,,,,,,,,,,
PRI,359,Puerto Rico,Rate,GDP deflator Index growth rate,4.1,5.4,4.6,4.0,6.6,7.4,3.0,4.3,5.4,5.8,8.6,9.4,8.4,2.6,3.4,3.7,0.1,3.6,2.9,2.9,4.3,3.1,2.6,1.9,3.2,2.8,3.9,1.3,5.4,2.4,3.3,3.1,1.9,2.1,3.9,6.6,5.5,3.8,6.6,5.0,2.5,2.4,1.2,1.2,1.2,2.0,2.2,2.1,2.4,2.7,-1.3,3.2,3.2,2.8,,,,,,,,,,,,,,,,,,,,,,,,
PRT,182,Portugal,Rate,GDP deflator Index growth rate,3.3,5.0,7.8,9.5,18.9,16.2,16.3,26.4,22.3,19.4,20.9,17.8,18.4,26.5,24.1,20.8,18.3,9.5,13.3,10.8,11.3,10.9,9.0,5.3,6.8,5.6,2.4,3.9,3.8,3.4,3.4,3.7,4.2,3.4,2.4,3.3,3.2,3.0,1.7,1.1,0.6,-0.3,-0.4,2.2,0.7,2.0,1.7,1.5,1.8,1.7,2.5,1.4,4.3,7.2,,,,,,,,,,,,,,,,,,,,,,,,
PRY,288,Paraguay,Rate,GDP deflator Index growth rate,1.3,5.9,8.5,20.6,23.6,6.1,4.5,10.4,9.2,19.3,16.5,16.8,6.3,14.4,26.1,25.5,31.8,30.5,25.1,31.5,35.5,48.3,14.1,12.2,12.6,11.1,11.4,3.4,16.3,10.7,14.7,13.9,18.0,15.1,11.8,13.0,8.9,12.6,12.2,3.7,4.6,5.1,4.8,4.4,2.8,1.6,4.1,2.2,2.2,2.9,3.0,7.1,7.0,2.5,,,,,,,,,,,,,,,,,,,,,,,,
QAT,453,Qatar,Rate,GDP deflator Index growth rate,,,,,,,,,,,,14.6,-4.4,-10.1,-10.6,7.6,-23.9,4.4,-8.4,0.4,63.1,-9.6,3.6,-8.3,0.5,15.0,8.5,0.6,-22.8,27.9,50.1,-7.4,3.4,18.0,8.4,35.1,2.5,9.7,26.1,-30.7,15.3,25.9,6.3,0.8,-1.5,-25.1,-9.0,7.8,12.4,-4.8,-14.7,22.5,26.1,-2.4,,,,,,,,,,,,,,,,,,,,,,,,
ROU,968,Romania,Rate,GDP deflator Index growth rate,,,,,,,,,,,,0.0,0.0,-5.6,-5.9,0.0,0.0,0.0,0.0,0.0,12.5,194.4,200.0,227.7,139.2,35.2,45.3,147.1,55.3,47.7,42.5,38.0,22.7,23.2,15.5,12.0,10.6,15.8,16.0,4.1,3.6,3.8,3.8,3.4,1.8,3.3,2.4,4.7,6.2,6.8,3.2,5.4,13.3,11.8,,,,,,,,,,,,,,,,,,,,,,,,
RUS,922,Russian Federation,Rate,GDP deflator Index growth rate,,,,,,,,,,,,,,,,,,,,,,,,880.0,308.2,143.9,45.8,15.1,18.6,72.5,37.6,16.5,15.6,13.6,20.3,19.3,15.2,13.8,18.0,2.0,14.2,15.3,8.9,5.3,7.5,7.2,2.8,5.3,10.0,3.0,0.7,16.5,16.4,4.3,,,,,,,,,,,,,,,,,,,,,,,,
RWA,714,Rwanda,Rate,GDP deflator Index growth rate,9.9,-0.1,1.8,3.9,15.9,88.0,-1.9,13.5,3.7,6.1,3.1,10.8,9.4,2.4,-1.0,4.6,-7.1,1.2,2.4,15.8,-1.7,16.8,6.6,15.9,6.7,55.1,13.6,15.5,2.3,-3.0,2.8,1.2,-5.1,21.9,13.0,9.2,16.8,12.9,14.5,7.1,3.2,7.2,4.8,2.7,4.7,0.5,5.0,7.6,-0.8,0.4,8.3,2.7,15.7,14.2,,,,,,,,,,,,,,,,,,,,,,,,
SAU,456,Saudi Arabia,Rate,GDP deflator Index growth rate,-24.4,10.5,1.1,11.4,150.4,12.1,16.6,8.1,10.1,23.1,37.8,11.7,6.3,1.2,-0.9,-1.0,-26.9,6.7,-8.9,8.6,7.1,-2.3,-0.3,-1.7,1.1,5.8,7.8,3.5,-13.9,14.5,10.9,-1.6,6.0,2.3,11.1,20.1,11.6,8.4,17.7,-15.7,17.2,15.5,4.0,-1.2,-2.3,-16.9,-3.0,7.6,11.5,0.5,-7.7,14.8,14.8,-4.6,,,,,,,,,,,,,,,,,,,,,,,,
SDN,732,Sudan,Rate,GDP deflator Index growth rate,4.0,1.4,13.4,15.3,26.1,24.0,1.7,16.6,19.3,16.8,21.6,21.1,1.2,37.9,30.8,24.2,31.3,70.3,22.9,73.9,32.2,63.6,61.8,169.3,99.5,106.9,155.5,45.2,25.6,18.3,15.1,8.6,10.9,9.8,17.3,18.0,7.7,15.3,8.9,1.9,22.7,26.3,30.1,36.4,34.1,12.8,42.0,15.7,61.8,52.0,164.2,235.5,184.3,210.4,,,,,,,,,,,,,,,,,,,,,,,,
SEN,722,Senegal,Rate,GDP deflator Index growth rate,2.8,3.9,6.1,11.3,16.6,31.7,1.1,11.3,9.1,7.3,23.4,11.0,9.8,9.3,7.8,9.0,5.7,-1.6,-1.4,1.5,0.0,-0.7,-0.9,-0.4,33.0,7.6,5.2,3.5,3.7,1.7,1.3,7.0,1.9,-0.9,-0.1,4.7,2.9,6.6,8.2,-1.7,1.6,3.9,3.3,1.2,-1.5,1.1,1.0,0.6,-0.8,1.9,2.1,2.4,10.0,1.1,,,,,,,,,,,,,,,,,,,,,,,,
SGP,576,Singapore,Rate,GDP deflator Index growth rate,1.5,4.9,5.7,13.2,16.3,2.9,1.7,2.0,4.0,5.2,11.1,5.9,4.5,3.2,0.8,-1.5,-1.3,0.5,5.4,4.2,4.7,4.4,1.4,3.5,3.5,3.2,1.5,1.1,-1.3,-3.6,3.9,-1.8,-0.9,-1.8,4.1,1.9,1.8,5.9,-1.4,3.0,1.1,1.1,0.5,-0.5,-0.3,3.1,0.6,3.0,3.3,-0.6,-2.9,4.0,9.1,0.3,,,,,,,,,,,,,,,,,,,,,,,,
SLB,813,Solomon Islands,Rate,GDP deflator Index growth rate,4.2,5.8,6.8,3.2,19.0,10.1,4.2,8.7,9.0,11.3,8.2,13.1,13.0,6.9,10.9,9.4,5.1,11.5,16.8,3.5,34.1,7.2,13.2,17.0,27.9,9.5,12.1,8.5,11.2,7.7,5.6,9.9,11.3,6.3,5.4,14.3,8.8,10.9,7.9,6.7,6.0,9.5,7.2,1.7,3.9,3.6,0.0,1.4,2.9,1.3,3.8,4.0,1.1,3.9,,,,,,,,,,,,,,,,,,,,,,,,
SLE,724,Sierra Leone,Rate,GDP deflator Index growth rate,6.4,-1.3,5.5,5.7,14.4,19.9,17.2,8.3,12.9,32.8,11.2,16.7,17.1,34.1,50.9,85.5,135.7,80.2,53.5,61.0,37.0,154.5,63.2,28.4,18.5,36.6,75.3,16.8,27.0,25.0,6.1,-5.6,-3.9,13.1,12.8,16.6,12.3,6.8,10.0,7.8,17.2,17.4,12.0,6.9,1.8,19.6,5.8,8.9,14.0,8.6,13.9,6.7,6.7,40.3,,,,,,,,,,,,,,,,,,,,,,,,
SLV,253,El Salvador,Rate,GDP deflator Index growth rate,4.8,0.4,1.6,6.4,16.9,19.2,7.0,11.8,0.9,14.2,7.9,-6.5,5.4,-5.7,-27.8,-3.4,0.5,-0.8,14.6,13.2,45.1,7.4,3.4,8.6,9.8,10.9,6.6,3.4,4.2,1.0,3.3,3.3,1.5,3.0,2.7,4.3,4.3,4.4,3.5,-0.1,2.6,5.9,2.5,0.6,1.0,1.3,0.7,1.0,2.1,1.1,-0.4,6.1,7.6,3.3,,,,,,,,,,,,,,,,,,,,,,,,
SMR,135,San Marino,Rate,GDP deflator Index growth rate,,,,,,,,,,,,,,,,,,,,,,,,,,,,,1.8,1.6,2.6,2.8,2.3,2.5,2.0,1.7,2.0,-2.0,2.7,0.8,1.8,0.4,3.3,2.0,0.3,-1.1,1.3,1.7,2.0,0.6,1.2,0.9,1.0,4.1,,,,,,,,,,,,,,,,,,,,,,,,
SOM,726,Somalia,Rate,GDP deflator Index growth rate,0.7,1.8,12.0,11.6,13.1,16.9,14.7,9.8,14.6,13.0,100.9,20.1,26.8,32.0,71.7,29.6,33.5,32.7,69.8,97.4,215.5,,,,,,,,,,,,,,,,,,,,,,2.0,5.8,-0.5,-1.3,0.8,5.9,1.8,1.8,1.0,7.7,7.7,9.0,,,,,,,,,,,,,,,,,,,,,,,,
SRB,942,Serbia,Rate,GDP deflator Index growth rate,,,,,,,,,,,,,,,,,,,,,,,,,,,,,,,,89.2,18.0,12.6,9.1,15.5,12.4,8.7,9.1,7.9,5.7,8.9,6.2,5.1,2.6,1.8,1.6,3.0,2.0,2.4,1.8,5.9,9.6,12.3,,,,,,,,,,,,,,,,,,,,,,,,
SSD,733,South Sudan,Rate,GDP deflator Index growth rate,,,,,,,,,,,,,,,,,,,,,,,,,,,,,,,,,,,,,,,,,,,35.3,2.6,0.0,16.7,259.3,156.4,69.5,-1.7,16.1,29.2,96.3,58.0,,,,,,,,,,,,,,,,,,,,,,,,
STP,716,São Tomé and Principe,Rate,GDP deflator Index growth rate,4.3,-5.8,3.2,19.1,2.5,-0.8,0.8,-4.8,4.7,-0.5,24.6,26.3,-0.5,0.5,15.7,-2.2,28.7,44.6,33.3,39.4,42.3,25.3,39.6,75.4,74.2,50.1,99.2,39.1,16.0,7.9,10.0,1.0,11.9,15.5,11.6,19.2,15.1,14.2,30.5,7.6,12.5,7.8,13.6,10.7,8.2,5.1,5.1,2.0,2.6,5.7,4.0,5.3,5.3,17.1,,,,,,,,,,,,,,,,,,,,,,,,
SUR,366,Suriname,Rate,GDP deflator Index growth rate,2.6,0.2,3.3,13.0,16.9,8.4,10.1,9.7,4.6,8.4,8.6,11.1,7.5,2.3,2.3,0.0,6.7,18.8,7.0,14.8,45.7,33.3,30.9,144.9,498.6,239.7,1.3,0.3,17.5,72.6,64.4,35.2,31.1,22.4,13.3,14.0,11.6,6.4,15.5,6.5,7.2,13.8,10.7,0.4,1.6,-2.1,26.2,21.4,4.7,6.4,29.9,56.1,57.6,51.4,,,,,,,,,,,,,,,,,,,,,,,,
SVK,936,Slovak Republic,Rate,GDP deflator Index growth rate,,,,,,,,,,,,,,,,,,,,,,,,,13.5,8.9,4.2,6.3,4.9,7.2,9.5,5.1,3.9,5.3,5.7,2.5,2.9,1.1,2.9,-1.2,0.5,1.7,1.3,0.5,-0.2,-0.2,-0.5,1.2,2.0,2.5,2.5,2.4,7.0,10.1,,,,,,,,,,,,,,,,,,,,,,,,
SVN,961,Slovenia,Rate,GDP deflator Index growth rate,,,,,,,,,,,,,,,,,,,,,,,,17.8,10.1,12.2,11.0,8.4,7.4,6.5,5.6,8.7,7.6,5.6,3.4,1.5,2.2,4.2,4.5,3.4,-1.0,1.0,0.5,1.6,0.5,1.0,0.9,1.5,2.2,2.3,1.3,2.6,6.7,9.0,,,,,,,,,,,,,,,,,,,,,,,,
SWE,144,Sweden,Rate,GDP deflator Index growth rate,7.1,7.3,7.1,7.1,8.3,14.9,11.8,11.0,10.0,7.5,16.4,4.5,8.0,9.9,7.7,6.3,6.2,4.8,6.7,7.9,9.3,8.2,1.1,2.4,2.6,3.8,1.0,1.5,0.8,0.9,1.5,2.5,1.5,1.7,0.3,0.7,1.8,2.8,3.2,2.4,0.9,1.1,1.0,0.9,1.7,2.1,1.5,2.1,2.4,2.7,1.4,3.0,5.4,5.7,,,,,,,,,,,,,,,,,,,,,,,,
SWZ,734,Swaziland,Rate,GDP deflator Index growth rate,,7.1,9.6,25.2,10.3,4.2,13.6,10.4,10.6,13.6,8.2,11.5,9.1,6.1,10.5,17.1,10.6,6.0,23.2,7.6,10.4,8.9,11.0,16.7,14.9,16.2,8.0,11.3,7.4,5.4,9.9,8.9,8.9,6.0,3.9,6.6,4.0,5.0,10.4,9.8,3.2,5.3,8.8,6.5,7.1,5.6,7.2,2.5,2.8,2.3,4.1,-0.9,-0.9,9.0,,,,,,,,,,,,,,,,,,,,,,,,
SYC,718,Seychelles,Rate,GDP deflator Index growth rate,14.9,9.4,29.5,16.4,8.7,18.7,47.3,25.0,13.1,16.8,19.5,7.3,1.7,3.2,3.1,2.3,5.7,3.7,3.9,2.1,6.4,-2.0,4.7,3.0,2.7,-2.1,-6.1,0.9,10.4,2.1,1.3,6.2,3.6,5.9,24.7,0.5,1.4,11.8,35.0,27.5,-4.2,2.2,11.1,4.0,2.3,2.1,-0.8,4.6,1.9,1.1,3.6,2.7,2.7,-0.9,,,,,,,,,,,,,,,,,,,,,,,,
SYR,463,Syrian Arab Republic,Rate,GDP deflator Index growth rate,,4.9,0.8,20.0,15.4,11.5,11.4,11.8,10.7,15.1,19.1,18.3,1.9,4.9,9.9,3.0,26.1,26.2,29.2,19.5,16.4,4.9,5.3,3.7,15.9,7.0,17.5,9.1,0.4,7.0,13.0,2.9,4.5,-1.9,10.3,12.0,9.1,10.8,16.0,-2.8,7.1,-100.0,,,,,,,,,,,,,,,,,,,,,,,,,,,,,,,,,,,,
TCD,628,Chad,Rate,GDP deflator Index growth rate,8.5,6.2,2.9,5.4,11.3,15.7,3.3,8.4,9.9,8.2,8.7,69.4,7.3,7.3,17.3,-5.9,-10.4,-5.1,7.8,-0.8,-0.3,-7.0,-4.5,-4.5,50.6,11.0,11.6,3.8,6.7,-7.6,5.3,13.8,1.9,0.1,9.8,23.1,9.9,3.4,8.6,-9.5,6.2,8.4,1.3,-4.2,0.8,-8.0,-1.1,-0.8,2.3,1.5,-2.8,7.2,7.0,-0.5,,,,,,,,,,,,,,,,,,,,,,,,
TGO,742,Togo,Rate,GDP deflator Index growth rate,4.5,6.5,7.7,3.6,12.8,18.0,11.6,22.5,5.6,6.8,14.7,10.6,5.9,16.5,-0.5,3.9,4.6,4.5,0.2,1.0,-2.9,3.0,1.7,-2.6,33.4,-0.8,16.5,11.9,-2.1,2.0,-0.9,1.6,5.0,-2.9,-1.9,5.9,-0.5,5.0,11.8,1.6,0.6,1.1,1.7,1.7,-0.1,3.5,1.5,-0.4,1.4,1.5,1.1,1.7,1.8,2.8,,,,,,,,,,,,,,,,,,,,,,,,
THA,578,Thailand,Rate,GDP deflator Index growth rate,-0.1,0.4,4.9,15.5,24.3,5.3,4.1,7.6,8.6,11.6,12.6,8.4,5.1,3.6,1.4,2.2,1.7,4.7,5.9,6.1,5.7,5.3,4.0,2.3,4.7,5.7,4.1,4.4,8.1,-2.6,1.3,1.9,1.7,2.2,3.6,5.1,5.1,2.5,5.1,0.2,4.1,3.7,1.9,1.8,1.4,0.7,2.6,1.9,1.4,0.9,-1.0,1.9,0.8,1.2,,,,,,,,,,,,,,,,,,,,,,,,
TJK,923,Tajikistan,Rate,GDP deflator Index growth rate,,,,,,,,,,,,,,,,,,,,,,,,995.7,266.4,266.8,397.5,101.5,54.1,26.5,24.0,26.2,22.0,29.1,17.0,9.6,20.3,27.9,27.7,12.7,12.5,13.3,11.9,4.3,5.5,0.1,5.3,4.7,5.0,4.5,2.1,7.9,10.0,3.0,,,,,,,,,,,,,,,,,,,,,,,,
TKM,925,Turkmenistan,Rate,GDP deflator Index growth rate,,,,,,,,,,,,,,,,,,,,,,,,,981.8,708.4,1174.4,61.6,18.1,23.0,9.8,14.7,8.4,12.1,8.3,7.0,12.3,9.3,59.7,9.7,2.3,12.8,8.3,1.2,0.6,-5.1,-4.9,-1.5,1.2,4.4,3.9,11.8,15.7,-3.0,,,,,,,,,,,,,,,,,,,,,,,,
TLS,537,Timor-Leste,Rate,GDP deflator Index growth rate,,,,,,,,,,,,,,,,,,,,,,,,,,,,,,,,11.8,5.4,6.8,-10.5,1.8,2.4,8.5,7.3,1.9,10.8,13.0,2.6,19.1,-0.7,7.0,0.2,1.0,-1.4,5.4,1.2,59.3,-3.9,8.0,,,,,,,,,,,,,,,,,,,,,,,,
TON,866,Tonga,Rate,GDP deflator Index growth rate,,,,,,,,,,,,-3.5,0.1,4.4,-24.9,11.3,9.0,12.4,10.9,7.0,3.9,10.6,11.7,7.5,0.9,-4.9,3.0,-0.1,2.8,6.6,2.8,5.0,7.6,11.4,8.3,8.0,18.3,4.4,4.5,5.0,7.7,0.5,4.2,-2.4,0.0,5.3,3.1,5.6,5.1,7.7,0.2,-1.9,-1.9,10.0,,,,,,,,,,,,,,,,,,,,,,,,
TTO,369,Trinidad and Tobago,Rate,GDP deflator Index growth rate,2.5,3.5,9.3,14.8,22.0,17.0,10.6,16.4,9.2,22.1,22.7,7.2,12.2,6.3,6.0,1.2,-1.3,4.9,4.2,7.2,15.5,1.6,-6.9,6.7,15.6,4.2,1.9,-3.5,-1.9,4.3,12.0,3.1,-4.5,10.9,9.6,13.4,0.9,13.4,23.7,-26.8,12.4,15.3,0.9,3.7,1.7,-11.4,-0.6,4.8,5.6,-1.0,0.6,17.5,17.5,-8.3,,,,,,,,,,,,,,,,,,,,,,,,
TUN,744,Tunisia,Rate,GDP deflator Index growth rate,1.1,6.0,1.9,4.7,4.1,9.5,5.4,8.8,6.5,10.4,12.8,11.4,16.0,13.5,6.5,3.8,3.5,5.2,7.4,7.8,5.2,6.5,5.9,4.0,4.0,5.0,4.3,4.8,3.1,3.4,3.7,3.9,2.3,2.7,3.4,4.2,3.8,2.1,6.3,3.0,3.8,4.3,4.8,3.9,4.6,3.5,4.7,4.8,7.9,7.1,6.1,4.5,4.5,10.5,,,,,,,,,,,,,,,,,,,,,,,,
TUR,186,Turkey,Rate,GDP deflator Index growth rate,8.6,16.9,11.0,21.9,29.0,21.3,15.6,24.1,47.5,76.7,93.0,50.0,33.3,25.0,60.0,50.0,41.7,35.3,65.2,76.3,58.2,58.5,63.7,68.0,106.3,87.3,77.8,81.5,75.7,54.3,49.4,53.0,37.6,23.3,12.4,7.1,9.4,6.2,12.0,5.4,7.0,8.2,7.4,6.3,7.4,7.8,8.1,11.0,16.5,13.9,14.7,29.0,95.4,69.0,,,,,,,,,,,,,,,,,,,,,,,,
TUV,869,Tuvalu,Rate,GDP deflator Index growth rate,,,,,,,,,,,,,,,,,,,,,,,,,,,,,,,,6.1,3.4,2.2,5.7,0.7,4.1,-0.1,3.5,0.7,2.5,0.8,0.8,2.0,4.9,4.6,7.7,1.1,6.8,3.4,2.4,2.0,4.7,6.3,,,,,,,,,,,,,,,,,,,,,,,,
TWN,528,Taiwan Province of China,Rate,GDP deflator Index growth rate,,,,,,,,,,,,10.7,2.5,2.7,1.3,0.0,4.9,0.0,0.1,2.6,5.1,3.5,3.2,3.5,1.7,2.4,2.3,2.2,3.3,-1.9,-0.9,-0.6,-0.4,-1.4,-0.7,-1.5,-1.2,-0.5,-2.6,0.1,-1.3,-2.2,0.7,1.5,1.7,3.4,0.8,-0.8,-0.6,0.1,1.3,2.9,2.0,2.5,,,,,,,,,,,,,,,,,,,,,,,,
TZA,738,Tanzania,Rate,GDP deflator Index growth rate,,,,,,,,,,,,19.0,20.3,13.0,14.0,21.9,23.7,27.7,47.2,20.5,22.5,28.1,25.4,24.5,31.2,26.9,19.3,20.7,28.7,9.6,7.6,5.3,7.1,8.5,7.0,6.4,16.5,5.9,15.9,9.3,9.2,11.5,10.7,9.7,6.1,7.6,7.5,2.6,1.6,1.4,3.5,4.4,6.7,7.0,,,,,,,,,,,,,,,,,,,,,,,,
UGA,746,Uganda,Rate,GDP deflator Index growth rate,11.6,6.6,9.1,14.4,23.6,43.3,16.7,80.8,26.0,67.6,34.8,60.0,50.0,38.9,102.0,109.9,110.8,181.9,189.8,115.4,44.3,18.0,36.5,16.8,10.2,8.5,4.5,7.9,5.7,3.3,7.8,-0.8,2.8,6.6,7.4,3.6,8.6,8.3,15.7,17.4,2.2,19.9,9.1,3.8,2.2,-1.6,9.0,1.8,4.8,1.5,4.3,2.5,9.0,13.4,,,,,,,,,,,,,,,,,,,,,,,,
UKR,926,Ukraine,Rate,GDP deflator Index growth rate,,,,,,,,,,,,,,,,,,,,,,,,2750.0,908.8,416.2,66.1,18.1,12.0,27.4,23.1,6.3,5.3,8.2,15.3,24.1,14.8,22.9,29.1,12.6,13.7,14.2,7.8,4.3,15.9,38.9,17.1,22.0,15.4,8.1,7.4,25.1,34.6,20.2,,,,,,,,,,,,,,,,,,,,,,,,
URY,298,Uruguay,Rate,GDP deflator Index growth rate,4.2,31.7,69.2,191.6,28.5,66.0,47.3,55.6,46.8,79.2,54.8,33.3,15.0,43.5,54.5,72.5,71.6,72.8,62.1,75.4,124.1,100.8,59.6,47.9,39.0,41.0,26.4,19.3,12.6,5.4,3.4,4.4,11.8,14.8,10.5,1.3,6.5,9.4,8.0,7.7,4.9,9.0,8.6,8.2,9.4,9.0,7.3,5.0,7.1,9.0,8.5,10.0,4.5,4.2,,,,,,,,,,,,,,,,,,,,,,,,
USA,111,United States,Rate,GDP deflator Index growth rate,5.3,5.1,4.3,5.5,9.0,9.3,5.5,6.2,7.0,8.3,9.0,9.5,6.2,3.9,3.6,3.2,2.0,2.5,3.5,3.9,3.7,3.4,2.3,2.4,2.1,2.1,1.8,1.7,1.1,1.4,2.2,2.2,1.6,1.9,2.7,3.1,3.0,2.7,1.9,0.8,1.2,2.1,1.9,1.8,1.9,1.0,1.0,1.9,2.4,1.8,1.2,4.5,6.5,3.7,,,,,,,,,,,,,,,,,,,,,,,,
XKX,967,Kosovo,Rate,GDP deflator Index growth rate,,,,,,,,,,,,,,,,,,,,,,,,,,,,,,,,11.4,1.8,-1.6,-4.4,-0.7,0.5,2.4,7.4,1.2,4.7,4.8,2.2,1.8,3.3,0.2,0.4,1.4,1.0,0.6,2.2,6.1,3.6,,,,,,,,,,,,,,,,,,,,,,,,,
UZB,927,Uzbekistan,Rate,GDP deflator Index growth rate,,,,,,,,,,,,,,,,,,,,,,,,900.0,1190.0,370.5,70.5,66.1,39.0,44.2,47.3,45.2,45.4,26.7,16.0,21.4,21.3,24.0,22.9,20.2,18.9,21.5,15.5,11.7,14.3,10.4,8.7,19.4,27.5,18.6,11.9,13.6,13.5,12.2,,,,,,,,,,,,,,,,,,,,,,,,
VCT,364,St. Vincent and the Grenadines,Rate,GDP deflator Index growth rate,6.8,6.8,6.8,6.8,6.8,6.8,11.3,10.2,12.2,13.7,12.5,19.3,8.6,4.1,4.9,3.4,4.8,8.5,1.0,3.6,6.8,3.7,1.8,-0.6,2.3,2.2,3.8,1.1,2.8,2.4,-0.4,6.7,1.0,-3.1,4.0,2.9,3.0,8.4,0.0,-0.9,4.4,-0.3,1.1,2.2,-0.3,2.4,0.6,1.3,0.2,1.4,-0.5,2.3,-0.4,3.5,,,,,,,,,,,,,,,,,,,,,,,,
VEN,299,"Venezuela, RB",Rate,GDP deflator Index growth rate,4.4,8.2,6.3,11.2,50.1,2.3,6.2,8.4,6.1,21.9,28.0,13.6,-0.6,10.6,12.7,9.7,3.3,31.7,21.0,100.4,41.8,21.5,28.2,31.6,62.9,51.8,115.5,33.9,18.9,26.2,29.5,8.0,33.0,34.9,34.0,29.6,17.9,15.4,30.1,7.8,45.9,28.1,14.1,35.5,40.4,182.7,321.3,748.1,65374.1,19906.0,2355.1,1221.5,1203.2,325.2,,,,,,,,,,,,,,,,,,,,,,,,
VNM,582,Vietnam,Rate,GDP deflator Index growth rate,,,,,,,,,,,,0.0,150.0,40.0,71.4,100.0,475.0,317.4,307.6,133.7,42.2,72.8,32.6,17.4,17.0,17.0,8.7,6.6,8.8,5.7,3.4,1.9,4.0,6.7,17.9,9.0,8.6,9.6,22.7,6.2,12.1,21.4,9.1,4.0,3.7,-1.7,1.8,4.4,3.8,2.2,0.4,2.8,3.7,1.9,,,,,,,,,,,,,,,,,,,,,,,,
VUT,846,Vanuatu,Rate,GDP deflator Index growth rate,5.7,4.5,6.0,13.0,17.1,7.0,0.3,4.7,6.7,25.6,12.5,15.7,8.1,2.8,12.2,-3.4,-3.0,16.5,9.8,6.5,-1.0,10.3,2.8,2.1,2.3,1.7,2.1,3.2,4.6,3.1,2.2,3.6,2.9,0.8,2.1,0.4,3.9,5.8,7.2,2.6,1.5,2.8,-0.5,3.0,1.4,5.9,1.6,5.4,3.2,2.6,1.8,0.7,0.7,11.3,,,,,,,,,,,,,,,,,,,,,,,,
WSM,862,Samoa,Rate,GDP deflator Index growth rate,3.0,4.6,7.7,12.0,24.9,8.8,5.0,14.4,-2.2,11.8,21.9,16.3,21.0,17.8,15.7,8.7,1.0,4.2,6.3,5.5,40.1,3.1,8.0,5.3,-26.1,40.3,-1.0,12.0,8.8,0.4,2.1,3.4,1.5,2.5,7.1,4.0,5.3,7.5,9.1,1.7,-4.3,0.4,3.6,1.0,-0.2,4.2,1.2,-0.1,2.0,2.2,0.3,-0.4,-0.2,8.8,,,,,,,,,,,,,,,,,,,,,,,,
YEM,474,"Yemen, Rep.",Rate,GDP deflator Index growth rate,,,,,,,,,,,,,,,,,,,,,,12.0,13.2,16.4,20.8,45.7,36.8,13.3,-8.3,33.5,23.3,2.7,8.7,10.9,14.1,18.5,13.6,10.9,20.4,-8.7,23.6,18.1,5.9,9.2,7.2,46.5,0.1,18.6,14.9,6.6,24.6,48.7,29.9,-2.9,,,,,,,,,,,,,,,,,,,,,,,,
ZAF,199,South Africa,Rate,GDP deflator Index growth rate,4.3,6.0,11.1,18.4,15.9,10.8,10.4,11.2,11.6,15.1,24.9,10.1,14.0,16.5,11.5,16.8,17.2,14.5,15.1,17.2,15.5,15.7,14.6,13.0,9.5,10.2,7.9,7.9,7.8,7.1,8.8,7.6,12.2,5.8,6.5,5.4,6.3,8.8,8.8,7.5,6.4,6.5,5.3,6.2,5.5,5.2,7.2,5.3,3.9,4.0,5.3,6.2,4.8,4.4,,,,,,,,,,,,,,,,,,,,,,,,
ZMB,754,Zambia,Rate,GDP deflator Index growth rate,2.6,6.0,5.1,6.5,8.1,10.1,18.8,19.8,12.7,21.9,10.9,12.5,11.1,10.0,18.2,46.2,84.2,45.7,43.1,86.3,107.4,94.0,155.6,160.4,74.3,30.6,24.3,25.4,16.9,17.9,32.6,25.3,19.4,17.6,19.7,16.7,14.5,13.0,10.6,5.6,14.0,11.1,7.0,9.7,5.4,6.7,13.6,10.1,7.4,7.6,17.1,27.6,8.7,6.7,,,,,,,,,,,,,,,,,,,,,,,,
ZWE,698,Zimbabwe,Rate,GDP deflator Index growth rate,-12.1,6.2,13.5,20.5,12.9,11.9,-1.7,8.5,2.5,15.2,12.7,6.6,3.9,-10.5,-16.6,-17.0,8.0,7.2,7.8,0.8,-0.9,-6.8,-14.1,-3.8,-3.9,3.0,9.0,-2.9,-27.0,8.0,0.6,-0.1,2.7,8.8,7.6,5.1,-2.0,0.9,1.3,95.4,4.1,2.6,4.0,9.4,-0.3,0.6,2.2,2.4,5.2,-4.0,569.0,113.3,113.0,812.2,,,,,,,,,,,,,,,,,,,,,,,,
,,,,,,,,,,,,,,,,,,,,,,,,,,,,,,,,,,,,,,,,,,,,,,,,,,,,,,,,,,,,,,,,,,,,,,,,,,,,,,,,,,
"Note: For those countries where annual data are not yet available for 2023, annual averages of quarterly growth in 2023 with available data or the projections by the IMF World Economic Outlook (April 2024) are included instead. ",,,,,,,,,,,,,,,,,,,,,,,,,,,,,,,,,,,,,,,,,,,,,,,,,,,,,,,,,,,,,,,,,,,,,,,,,,,,,,,,,,